10802,平安银行,000001
10803,万科A,000002
10804,国华网安,000004
10805,ST星源,000005
10806,深振业A,000006
10807,*ST全新,000007
10808,神州高铁,000008
10809,中国宝安,000009
10810,美丽生态,000010
10811,深物业A,000011
10812,南玻A,000012
10813,沙河股份,000014
10814,深康佳A,000016
10815,深中华A,000017
10816,深粮控股,000019
10817,深华发A,000020
10818,深科技,000021
10819,ST深天,000023
10820,特力A,000025
10821,飞亚达,000026
10822,深圳能源,000027
10823,国药一致,000028
10824,深深房A,000029
10825,富奥股份,000030
10826,大悦城,000031
10827,深桑达A,000032
10828,神州数码,000034
10829,中国天楹,000035
10830,华联控股,000036
10831,深南电A,000037
10832,中集集团,000039
10833,东旭蓝天,000040
10834,中洲控股,000042
10835,深纺织A,000045
10836,京基智农,000048
10837,德赛电池,000049
10838,深天马A,000050
10839,方大集团,000055
10840,皇庭国际,000056
10841,深赛格,000058
10842,华锦股份,000059
10843,中金岭南,000060
10844,农产品,000061
10845,深圳华强,000062
10846,中兴通讯,000063
10847,北方国际,000065
10848,中国长城,000066
10849,华控赛格,000068
10850,华侨城A,000069
10851,特发信息,000070
10852,海王生物,000078
10853,盐田港,000088
10854,深圳机场,000089
10855,天健集团,000090
10856,广聚能源,000096
10857,中信海直,000099
10858,TCL科技,000100
10859,中成股份,000151
10860,丰原药业,000153
10861,川能动力,000155
10862,华数传媒,000156
10863,中联重科,000157
10864,常山北明,000158
10865,国际实业,000159
10866,申万宏源,000166
10867,东方盛虹,000301
10868,美的集团,000333
10869,潍柴动力,000338
10870,许继电气,000400
10871,冀东水泥,000401
10872,金融街,000402
10873,派林生物,000403
10874,长虹华意,000404
10875,胜利股份,000407
10876,藏格矿业,000408
10877,云鼎科技,000409
10878,沈阳机床,000410
10879,英特集团,000411
10880,东旭光电,000413
10881,渤海租赁,000415
10882,*ST民控,000416
10883,合肥百货,000417
10884,通程控股,000419
10885,吉林化纤,000420
10886,南京公用,000421
10887,湖北宜化,000422
10888,东阿阿胶,000423
10889,徐工机械,000425
10890,兴业银锡,000426
10891,华天酒店,000428
10892,粤高速A,000429
10893,张家界,000430
10894,晨鸣纸业,000488
10895,山东路桥,000498
10896,武商集团,000501
10897,国新健康,000503
10898,南华生物,000504
10899,京粮控股,000505
10900,中润资源,000506
10901,珠海港,000507
10902,华塑控股,000509
10903,新金路,000510
10904,丽珠集团,000513
10905,渝开发,000514
10906,国际医学,000516
10907,荣安地产,000517
10908,四环生物,000518
10909,中兵红箭,000519
10910,凤凰航运,000520
10911,长虹美菱,000521
10912,红棉股份,000523
10913,岭南控股,000524
10914,ST红太阳,000525
10915,学大教育,000526
10916,柳工,000528
10917,广弘控股,000529
10918,冰山冷热,000530
10919,穗恒运A,000531
10920,华金资本,000532
10921,顺钠股份,000533
10922,万泽股份,000534
10923,华映科技,000536
10924,中绿电,000537
10925,云南白药,000538
10926,粤电力A,000539
10927,佛山照明,000541
10928,皖能电力,000543
10929,中原环保,000544
10930,金浦钛业,000545
10931,金圆股份,000546
10932,航天发展,000547
10933,湖南投资,000548
10934,江铃汽车,000550
10935,创元科技,000551
10936,甘肃能化,000552
10937,安道麦A,000553
10938,泰山石油,000554
10939,神州信息,000555
10940,西部创业,000557
10941,莱茵体育,000558
10942,万向钱潮,000559
10943,我爱我家,000560
10944,烽火电子,000561
10945,陕国投A,000563
10946,ST大集,000564
10947,渝三峡A,000565
10948,海南海药,000566
10949,海德股份,000567
10950,泸州老窖,000568
10951,苏常柴A,000570
10952,新大洲A,000571
10953,海马汽车,000572
10954,粤宏远A,000573
10955,甘化科工,000576
10956,威孚高科,000581
10957,北部湾港,000582
10958,ST工智,000584
10959,汇源通信,000586
10960,贵州轮胎,000589
10961,启迪药业,000590
10962,太阳能,000591
10963,平潭发展,000592
10964,德龙汇能,000593
10965,宝塔实业,000595
10966,古井贡酒,000596
10967,东北制药,000597
10968,兴蓉环境,000598
10969,青岛双星,000599
10970,建投能源,000600
10971,韶能股份,000601
10972,盛达资源,000603
10973,渤海股份,000605
10974,华媒控股,000607
10975,阳光股份,000608
10976,中迪投资,000609
10977,西安旅游,000610
10978,焦作万方,000612
10979,*ST美谷,000615
10980,中油资本,000617
10981,海螺新材,000619
10982,*ST新联,000620
10983,恒立实业,000622
10984,吉林敖东,000623
10985,长安汽车,000625
10986,远大控股,000626
10987,天茂集团,000627
10988,高新发展,000628
10989,钒钛股份,000629
10990,铜陵有色,000630
10991,顺发恒业,000631
10992,三木集团,000632
10993,合金投资,000633
10994,英力特,000635
10995,风华高科,000636
10996,ST实华,000637
10997,万方发展,000638
10998,西王食品,000639
10999,仁和药业,000650
11000,格力电器,000651
11001,泰达股份,000652
11002,金岭矿业,000655
11003,金科股份,000656
11004,中钨高新,000657
11005,珠海中富,000659
11006,长春高新,000661
11007,永安林业,000663
11008,湖北广电,000665
11009,荣丰控股,000668
11010,ST金鸿,000669
11011,盈方微,000670
11012,上峰水泥,000672
11013,智度股份,000676
11014,恒天海龙,000677
11015,襄阳轴承,000678
11016,大连友谊,000679
11017,山推股份,000680
11018,视觉中国,000681
11019,东方电子,000682
11020,远兴能源,000683
11021,中山公用,000685
11022,东北证券,000686
11023,国城矿业,000688
11024,宝新能源,000690
11025,亚太实业,000691
11026,*ST惠天,000692
11027,滨海能源,000695
11028,*ST炼石,000697
11029,沈阳化工,000698
11030,模塑科技,000700
11031,厦门信达,000701
11032,正虹科技,000702
11033,恒逸石化,000703
11034,浙江震元,000705
11035,双环科技,000707
11036,中信特钢,000708
11037,河钢股份,000709
11038,贝瑞基因,000710
11039,*ST京蓝,000711
11040,锦龙股份,000712
11041,丰乐种业,000713
11042,中兴商业,000715
11043,黑芝麻,000716
11044,中南股份,000717
11045,苏宁环球,000718
11046,中原传媒,000719
11047,新能泰山,000720
11048,西安饮食,000721
11049,湖南发展,000722
11050,美锦能源,000723
11051,京东方A,000725
11052,鲁泰A,000726
11053,冠捷科技,000727
11054,国元证券,000728
11055,燕京啤酒,000729
11056,四川美丰,000731
11057,振华科技,000733
11058,罗牛山,000735
11059,中交地产,000736
11060,北方铜业,000737
11061,航发控制,000738
11062,普洛药业,000739
11063,国海证券,000750
11064,锌业股份,000751
11065,*ST西发,000752
11066,漳州发展,000753
11067,山西高速,000755
11068,新华制药,000756
11069,浩物股份,000757
11070,中色股份,000758
11071,中百集团,000759
11072,本钢板材,000761
11073,西藏矿业,000762
11074,通化金马,000766
11075,晋控电力,000767
11076,中航西飞,000768
11077,广发证券,000776
11078,中核科技,000777
11079,新兴铸管,000778
11080,甘咨询,000779
11081,美达股份,000782
11082,长江证券,000783
11083,居然之家,000785
11084,北新建材,000786
11085,北大医药,000788
11086,万年青,000789
11087,华神科技,000790
11088,甘肃能源,000791
11089,盐湖股份,000792
11090,华闻集团,000793
11091,英洛华,000795
11092,*ST凯撒,000796
11093,中国武夷,000797
11094,中水渔业,000798
11095,酒鬼酒,000799
11096,一汽解放,000800
11097,四川九洲,000801
11098,北京文化,000802
11099,山高环能,000803
11100,云铝股份,000807
11101,铁岭新城,000809
11102,创维数字,000810
11103,冰轮环境,000811
11104,陕西金叶,000812
11105,德展健康,000813
11106,美利云,000815
11107,智慧农业,000816
11108,航锦科技,000818
11109,岳阳兴长,000819
11110,神雾节能,000820
11111,京山轻机,000821
11112,山东海化,000822
11113,超声电子,000823
11114,太钢不锈,000825
11115,启迪环境,000826
11116,东莞控股,000828
11117,天音控股,000829
11118,鲁西化工,000830
11119,中国稀土,000831
11120,粤桂股份,000833
11121,富通信息,000836
11122,秦川机床,000837
11123,财信发展,000838
11124,ST国安,000839
11125,承德露露,000848
11126,华茂股份,000850
11127,高鸿股份,000851
11128,石化机械,000852
11129,冀东装备,000856
11130,五粮液,000858
11131,国风新材,000859
11132,顺鑫农业,000860
11133,海印股份,000861
11134,银星能源,000862
11135,三湘印象,000863
11136,安凯客车,000868
11137,张裕A,000869
11138,吉电股份,000875
11139,新希望,000876
11140,天山股份,000877
11141,云南铜业,000878
11142,潍柴重机,000880
11143,中广核技,000881
11144,华联股份,000882
11145,湖北能源,000883
11146,城发环境,000885
11147,海南高速,000886
11148,中鼎股份,000887
11149,峨眉山A,000888
11150,ST中嘉,000889
11151,法尔胜,000890
11152,欢瑞世纪,000892
11153,亚钾国际,000893
11154,双汇发展,000895
11155,津滨发展,000897
11156,鞍钢股份,000898
11157,赣能股份,000899
11158,现代投资,000900
11159,航天科技,000901
11160,新洋丰,000902
11161,云内动力,000903
11162,厦门港务,000905
11163,浙商中拓,000906
11164,景峰医药,000908
11165,ST数源,000909
11166,大亚圣象,000910
11167,广农糖业,000911
11168,泸天化,000912
11169,钱江摩托,000913
11170,华特达因,000915
11171,电广传媒,000917
11172,金陵药业,000919
11173,沃顿科技,000920
11174,海信家电,000921
11175,佳电股份,000922
11176,河钢资源,000923
11177,众合科技,000925
11178,福星股份,000926
11179,中国铁物,000927
11180,中钢国际,000928
11181,兰州黄河,000929
11182,中粮科技,000930
11183,中关村,000931
11184,华菱钢铁,000932
11185,神火股份,000933
11186,四川双马,000935
11187,华西股份,000936
11188,冀中能源,000937
11189,紫光股份,000938
11190,南天信息,000948
11191,新乡化纤,000949
11192,重药控股,000950
11193,中国重汽,000951
11194,广济药业,000952
11195,河化股份,000953
11196,欣龙控股,000955
11197,中通客车,000957
11198,电投产融,000958
11199,首钢股份,000959
11200,锡业股份,000960
11201,中南建设,000961
11202,东方钽业,000962
11203,华东医药,000963
11204,天保基建,000965
11205,长源电力,000966
11206,盈峰环境,000967
11207,蓝焰控股,000968
11208,安泰科技,000969
11209,中科三环,000970
11210,ST高升,000971
11211,中基健康,000972
11212,佛塑科技,000973
11213,银泰黄金,000975
11214,ST华铁,000976
11215,浪潮信息,000977
11216,桂林旅游,000978
11217,众泰汽车,000980
11218,山子高科,000981
11219,中银绒业,000982
11220,山西焦煤,000983
11221,大庆华科,000985
11222,越秀资本,000987
11223,华工科技,000988
11224,九芝堂,000989
11225,诚志股份,000990
11226,闽东电力,000993
11227,皇台酒业,000995
11228,*ST中期,000996
11229,新大陆,000997
11230,隆平高科,000998
11231,华润三九,000999
11232,东瑞股份,001201
11233,炬申股份,001202
11234,大中矿业,001203
11235,盛航股份,001205
11236,依依股份,001206
11237,联科科技,001207
11238,华菱线缆,001208
11239,洪兴股份,001209
11240,金房能源,001210
11241,双枪科技,001211
11242,中旗新材,001212
11243,中铁特货,001213
11244,千味央厨,001215
11245,华瓷股份,001216
11246,华尔泰,001217
11247,丽臣实业,001218
11248,青岛食品,001219
11249,源飞宠物,001222
11250,欧克科技,001223
11251,和泰机电,001225
11252,拓山重工,001226
11253,兰州银行,001227
11254,永泰运,001228
11255,魅视科技,001229
11256,劲旅环境,001230
11257,农心科技,001231
11258,泰慕士,001234
11259,弘业期货,001236
11260,浙江正特,001238
11261,永达股份,001239
11262,博菲电气,001255
11263,炜冈科技,001256
11264,立新能源,001258
11265,利仁科技,001259
11266,坤泰股份,001260
11267,宏英智能,001266
11268,汇绿生态,001267
11269,联合精密,001268
11270,欧晶科技,001269
11271,铖昌科技,001270
11272,一彬科技,001278
11273,三联锻造,001282
11274,豪鹏科技,001283
11275,陕西能源,001286
11276,中电港,001287
11277,运机集团,001288
11278,龙源电力,001289
11279,长江材料,001296
11280,好上好,001298
11281,美能能源,001299
11282,三柏硕,001300
11283,尚太科技,001301
11284,夏厦精密,001306
11285,康冠科技,001308
11286,德明利,001309
11287,多利科技,001311
11288,粤海饲料,001313
11289,亿道信息,001314
11290,润贝航科,001316
11291,三羊马,001317
11292,阳光乳业,001318
11293,铭科精技,001319
11294,箭牌家居,001322
11295,慕思股份,001323
11296,长青科技,001324
11297,联域股份,001326
11298,登康口腔,001328
11299,博纳影业,001330
11300,胜通能源,001331
11301,锡装股份,001332
11302,光华股份,001333
11303,楚环科技,001336
11304,四川黄金,001337
11305,永顺泰,001338
11306,智微智能,001339
11307,兴欣新材,001358
11308,平安电工,001359
11309,南矿集团,001360
11310,播恩集团,001366
11311,海森药业,001367
11312,通达创智,001368
11313,翔腾新材,001373
11314,百通能源,001376
11315,德冠新材,001378
11316,腾达科技,001379
11317,华纬科技,001380
11318,雪祺电气,001387
11319,广合科技,001389
11320,宗申动力,001696
11321,招商港口,001872
11322,豫能控股,001896
11323,招商积余,001914
11324,招商公路,001965
11325,招商蛇口,001979
11326,新和成,002001
11327,伟星股份,002003
11328,华邦健康,002004
11329,ST德豪,002005
11330,精工科技,002006
11331,华兰生物,002007
11332,大族激光,002008
11333,天奇股份,002009
11334,传化智联,002010
11335,盾安环境,002011
11336,凯恩股份,002012
11337,永新股份,002014
11338,协鑫能科,002015
11339,世荣兆业,002016
11340,东信和平,002017
11341,亿帆医药,002019
11342,京新药业,002020
11343,*ST中捷,002021
11344,科华生物,002022
11345,"",002023
11346,ST易购,002024
11347,航天电器,002025
11348,山东威达,002026
11349,分众传媒,002027
11350,思源电气,002028
11351,七匹狼,002029
11352,达安基因,002030
11353,巨轮智能,002031
11354,苏泊尔,002032
11355,丽江股份,002033
11356,旺能环境,002034
11357,华帝股份,002035
11358,联创电子,002036
11359,保利联合,002037
11360,双鹭药业,002038
11361,黔源电力,002039
11362,南京港,002040
11363,登海种业,002041
11364,华孚时尚,002042
11365,兔宝宝,002043
11366,美年健康,002044
11367,国光电器,002045
11368,国机精工,002046
11369,宝鹰股份,002047
11370,宁波华翔,002048
11371,紫光国微,002049
11372,三花智控,002050
11373,中工国际,002051
11374,ST同洲,002052
11375,云南能投,002053
11376,德美化工,002054
11377,得润电子,002055
11378,横店东磁,002056
11379,中钢天源,002057
11380,威尔泰,002058
11381,云南旅游,002059
11382,广东建工,002060
11383,浙江交科,002061
11384,宏润建设,002062
11385,远光软件,002063
11386,华峰化学,002064
11387,东华软件,002065
11388,瑞泰科技,002066
11389,景兴纸业,002067
11390,黑猫股份,002068
11391,獐子岛,002069
11392,凯瑞德,002072
11393,软控股份,002073
11394,国轩高科,002074
11395,沙钢股份,002075
11396,星光股份,002076
11397,大港股份,002077
11398,太阳纸业,002078
11399,苏州固锝,002079
11400,中材科技,002080
11401,金螳螂,002081
11402,万邦德,002082
11403,孚日股份,002083
11404,海鸥住工,002084
11405,万丰奥威,002085
11406,*ST东洋,002086
11407,*ST新纺,002087
11408,鲁阳节能,002088
11409,新海退,002089
11410,金智科技,002090
11411,江苏国泰,002091
11412,中泰化学,002092
11413,国脉科技,002093
11414,青岛金王,002094
11415,生意宝,002095
11416,易普力,002096
11417,山河智能,002097
11418,浔兴股份,002098
11419,海翔药业,002099
11420,天康生物,002100
11421,广东鸿图,002101
11422,冠福股份,002102
11423,广博股份,002103
11424,恒宝股份,002104
11425,信隆健康,002105
11426,莱宝高科,002106
11427,沃华医药,002107
11428,沧州明珠,002108
11429,兴化股份,002109
11430,三钢闽光,002110
11431,威海广泰,002111
11432,三变科技,002112
11433,罗平锌电,002114
11434,三维通信,002115
11435,中国海诚,002116
11436,东港股份,002117
11437,康强电子,002119
11438,韵达股份,002120
11439,科陆电子,002121
11440,汇洲智能,002122
11441,梦网科技,002123
11442,天邦食品,002124
11443,湘潭电化,002125
11444,银轮股份,002126
11445,南极电商,002127
11446,电投能源,002128
11447,TCL中环,002129
11448,沃尔核材,002130
11449,利欧股份,002131
11450,恒星科技,002132
11451,广宇集团,002133
11452,天津普林,002134
11453,东南网架,002135
11454,安纳达,002136
11455,实益达,002137
11456,顺络电子,002138
11457,拓邦股份,002139
11458,东华科技,002140
11459,贤丰控股,002141
11460,宁波银行,002142
11461,宏达高科,002144
11462,中核钛白,002145
11463,荣盛发展,002146
11464,北纬科技,002148
11465,西部材料,002149
11466,通润装备,002150
11467,北斗星通,002151
11468,广电运通,002152
11469,石基信息,002153
11470,报喜鸟,002154
11471,湖南黄金,002155
11472,通富微电,002156
11473,*ST正邦,002157
11474,汉钟精机,002158
11475,三特索道,002159
11476,常铝股份,002160
11477,远望谷,002161
11478,悦心健康,002162
11479,海南发展,002163
11480,宁波东力,002164
11481,红宝丽,002165
11482,莱茵生物,002166
11483,东方锆业,002167
11484,惠程科技,002168
11485,智光电气,002169
11486,芭田股份,002170
11487,楚江新材,002171
11488,澳洋健康,002172
11489,创新医疗,002173
11490,游族网络,002174
11491,东方智造,002175
11492,江特电机,002176
11493,御银股份,002177
11494,延华智能,002178
11495,中航光电,002179
11496,纳思达,002180
11497,粤传媒,002181
11498,宝武镁业,002182
11499,怡亚通,002183
11500,海得控制,002184
11501,华天科技,002185
11502,全聚德,002186
11503,广百股份,002187
11504,中天服务,002188
11505,中光学,002189
11506,成飞集成,002190
11507,劲嘉股份,002191
11508,融捷股份,002192
11509,如意集团,002193
11510,武汉凡谷,002194
11511,岩山科技,002195
11512,方正电机,002196
11513,证通电子,002197
11514,"",002198
11515,东晶电子,002199
11516,ST交投,002200
11517,正威新材,002201
11518,金风科技,002202
11519,海亮股份,002203
11520,大连重工,002204
11521,国统股份,002205
11522,海利得,002206
11523,准油股份,002207
11524,合肥城建,002208
11525,达意隆,002209
11526,飞马国际,002210
11527,宏达新材,002211
11528,天融信,002212
11529,大为股份,002213
11530,大立科技,002214
11531,诺普信,002215
11532,三全食品,002216
11533,合力泰,002217
11534,拓日新能,002218
11535,新里程,002219
11536,东华能源,002221
11537,福晶科技,002222
11538,鱼跃医疗,002223
11539,三力士,002224
11540,濮耐股份,002225
11541,江南化工,002226
11542,奥特迅,002227
11543,合兴包装,002228
11544,鸿博股份,002229
11545,科大讯飞,002230
11546,奥维通信,002231
11547,启明信息,002232
11548,塔牌集团,002233
11549,民和股份,002234
11550,安妮股份,002235
11551,大华股份,002236
11552,恒邦股份,002237
11553,天威视讯,002238
11554,奥特佳,002239
11555,盛新锂能,002240
11556,歌尔股份,002241
11557,九阳股份,002242
11558,力合科创,002243
11559,滨江集团,002244
11560,蔚蓝锂芯,002245
11561,北化股份,002246
11562,聚力文化,002247
11563,华东数控,002248
11564,大洋电机,002249
11565,联化科技,002250
11566,*ST步高,002251
11567,上海莱士,002252
11568,川大智胜,002253
11569,泰和新材,002254
11570,海陆重工,002255
11571,兆新股份,002256
11572,利尔化学,002258
11573,ST升达,002259
11574,拓维信息,002261
11575,恩华药业,002262
11576,大东南,002263
11577,新华都,002264
11578,建设工业,002265
11579,浙富控股,002266
11580,陕天然气,002267
11581,电科网安,002268
11582,美邦服饰,002269
11583,华明装备,002270
11584,东方雨虹,002271
11585,川润股份,002272
11586,水晶光电,002273
11587,华昌化工,002274
11588,桂林三金,002275
11589,万马股份,002276
11590,友阿股份,002277
11591,神开股份,002278
11592,久其软件,002279
11593,联络互动,002280
11594,光迅科技,002281
11595,博深股份,002282
11596,天润工业,002283
11597,亚太股份,002284
11598,世联行,002285
11599,保龄宝,002286
11600,奇正藏药,002287
11601,超华科技,002288
11602,ST宇顺,002289
11603,禾盛新材,002290
11604,遥望科技,002291
11605,奥飞娱乐,002292
11606,罗莱生活,002293
11607,信立泰,002294
11608,精艺股份,002295
11609,辉煌科技,002296
11610,博云新材,002297
11611,中电兴发,002298
11612,圣农发展,002299
11613,太阳电缆,002300
11614,齐心集团,002301
11615,西部建设,002302
11616,美盈森,002303
11617,洋河股份,002304
11618,南国置业,002305
11619,中科云网,002306
11620,北新路桥,002307
11621,威创股份,002308
11622,ST中利,002309
11623,东方园林,002310
11624,海大集团,002311
11625,川发龙蟒,002312
11626,日海智能,002313
11627,南山控股,002314
11628,焦点科技,002315
11629,亚联发展,002316
11630,众生药业,002317
11631,久立特材,002318
11632,乐通股份,002319
11633,海峡股份,002320
11634,华英农业,002321
11635,理工能科,002322
11636,雅博股份,002323
11637,普利特,002324
11638,洪涛股份,002325
11639,永太科技,002326
11640,富安娜,002327
11641,新朋股份,002328
11642,皇氏集团,002329
11643,得利斯,002330
11644,皖通科技,002331
11645,仙琚制药,002332
11646,罗普斯金,002333
11647,英威腾,002334
11648,科华数据,002335
11649,人人乐,002336
11650,赛象科技,002337
11651,奥普光电,002338
11652,积成电子,002339
11653,格林美,002340
11654,新纶新材,002341
11655,巨力索具,002342
11656,慈文传媒,002343
11657,海宁皮城,002344
11658,潮宏基,002345
11659,柘中股份,002346
11660,泰尔股份,002347
11661,高乐股份,002348
11662,精华制药,002349
11663,北京科锐,002350
11664,漫步者,002351
11665,顺丰控股,002352
11666,杰瑞股份,002353
11667,天娱数科,002354
11668,兴民智通,002355
11669,赫美集团,002356
11670,富临运业,002357
11671,森源电气,002358
11672,同德化工,002360
11673,神剑股份,002361
11674,汉王科技,002362
11675,隆基机械,002363
11676,中恒电气,002364
11677,永安药业,002365
11678,融发核电,002366
11679,康力电梯,002367
11680,太极股份,002368
11681,卓翼科技,002369
11682,亚太药业,002370
11683,北方华创,002371
11684,伟星新材,002372
11685,千方科技,002373
11686,中锐股份,002374
11687,亚厦股份,002375
11688,新北洋,002376
11689,国创高新,002377
11690,章源钨业,002378
11691,宏创控股,002379
11692,科远智慧,002380
11693,双箭股份,002381
11694,蓝帆医疗,002382
11695,合众思壮,002383
11696,东山精密,002384
11697,大北农,002385
11698,天原股份,002386
11699,维信诺,002387
11700,新亚制程,002388
11701,航天彩虹,002389
11702,信邦制药,002390
11703,长青股份,002391
11704,北京利尔,002392
11705,力生制药,002393
11706,联发股份,002394
11707,双象股份,002395
11708,星网锐捷,002396
11709,梦洁股份,002397
11710,垒知集团,002398
11711,海普瑞,002399
11712,省广集团,002400
11713,中远海科,002401
11714,和而泰,002402
11715,爱仕达,002403
11716,嘉欣丝绸,002404
11717,四维图新,002405
11718,远东传动,002406
11719,多氟多,002407
11720,齐翔腾达,002408
11721,雅克科技,002409
11722,广联达,002410
11723,汉森制药,002412
11724,雷科防务,002413
11725,高德红外,002414
11726,海康威视,002415
11727,爱施德,002416
11728,康盛股份,002418
11729,天虹股份,002419
11730,毅昌科技,002420
11731,达实智能,002421
11732,科伦药业,002422
11733,中粮资本,002423
11734,贵州百灵,002424
11735,凯撒文化,002425
11736,胜利精密,002426
11737,尤夫股份,002427
11738,云南锗业,002428
11739,兆驰股份,002429
11740,杭氧股份,002430
11741,棕榈股份,002431
11742,九安医疗,002432
11743,*ST太安,002433
11744,万里扬,002434
11745,长江健康,002435
11746,兴森科技,002436
11747,誉衡药业,002437
11748,江苏神通,002438
11749,启明星辰,002439
11750,闰土股份,002440
11751,众业达,002441
11752,龙星化工,002442
11753,金洲管道,002443
11754,巨星科技,002444
11755,中南文化,002445
11756,盛路通信,002446
11757,中原内配,002448
11758,国星光电,002449
11759,摩恩电气,002451
11760,长高电新,002452
11761,华软科技,002453
11762,松芝股份,002454
11763,百川股份,002455
11764,欧菲光,002456
11765,青龙管业,002457
11766,益生股份,002458
11767,晶澳科技,002459
11768,赣锋锂业,002460
11769,珠江啤酒,002461
11770,嘉事堂,002462
11771,沪电股份,002463
11772,海格通信,002465
11773,天齐锂业,002466
11774,二六三,002467
11775,申通快递,002468
11776,三维化学,002469
11777,金正大,002470
11778,中超控股,002471
11779,双环传动,002472
11780,榕基软件,002474
11781,立讯精密,002475
11782,宝莫股份,002476
11783,常宝股份,002478
11784,富春环保,002479
11785,新筑股份,002480
11786,双塔食品,002481
11787,*ST广田,002482
11788,润邦股份,002483
11789,江海股份,002484
11790,ST雪发,002485
11791,嘉麟杰,002486
11792,大金重工,002487
11793,金固股份,002488
11794,浙江永强,002489
11795,ST墨龙,002490
11796,通鼎互联,002491
11797,恒基达鑫,002492
11798,荣盛石化,002493
11799,华斯股份,002494
11800,佳隆股份,002495
11801,辉丰股份,002496
11802,雅化集团,002497
11803,汉缆股份,002498
11804,山西证券,002500
11805,利源股份,002501
11806,ST鼎龙,002502
11807,鹏都农牧,002505
11808,协鑫集成,002506
11809,涪陵榨菜,002507
11810,老板电器,002508
11811,天汽模,002510
11812,中顺洁柔,002511
11813,达华智能,002512
11814,蓝丰生化,002513
11815,宝馨科技,002514
11816,金字火腿,002515
11817,旷达科技,002516
11818,恺英网络,002517
11819,科士达,002518
11820,银河电子,002519
11821,日发精机,002520
11822,齐峰新材,002521
11823,浙江众成,002522
11824,天桥起重,002523
11825,光正眼科,002524
11826,山东矿机,002526
11827,新时达,002527
11828,英飞拓,002528
11829,海源复材,002529
11830,金财互联,002530
11831,天顺风能,002531
11832,天山铝业,002532
11833,金杯电工,002533
11834,西子洁能,002534
11835,林州重机,002535
11836,飞龙股份,002536
11837,海联金汇,002537
11838,司尔特,002538
11839,云图控股,002539
11840,亚太科技,002540
11841,鸿路钢构,002541
11842,中化岩土,002542
11843,万和电气,002543
11844,普天科技,002544
11845,东方铁塔,002545
11846,新联电子,002546
11847,春兴精工,002547
11848,金新农,002548
11849,凯美特气,002549
11850,千红制药,002550
11851,尚荣医疗,002551
11852,宝鼎科技,002552
11853,南方精工,002553
11854,惠博普,002554
11855,三七互娱,002555
11856,辉隆股份,002556
11857,洽洽食品,002557
11858,巨人网络,002558
11859,亚威股份,002559
11860,通达股份,002560
11861,徐家汇,002561
11862,兄弟科技,002562
11863,森马服饰,002563
11864,*ST天沃,002564
11865,顺灏股份,002565
11866,益盛药业,002566
11867,唐人神,002567
11868,百润股份,002568
11869,ST步森,002569
11870,贝因美,002570
11871,德力股份,002571
11872,索菲亚,002572
11873,清新环境,002573
11874,明牌珠宝,002574
11875,群兴玩具,002575
11876,通达动力,002576
11877,雷柏科技,002577
11878,闽发铝业,002578
11879,中京电子,002579
11880,圣阳股份,002580
11881,未名医药,002581
11882,好想你,002582
11883,海能达,002583
11884,西陇科学,002584
11885,双星新材,002585
11886,*ST围海,002586
11887,奥拓电子,002587
11888,史丹利,002588
11889,瑞康医药,002589
11890,万安科技,002590
11891,恒大高新,002591
11892,ST八菱,002592
11893,日上集团,002593
11894,比亚迪,002594
11895,豪迈科技,002595
11896,海南瑞泽,002596
11897,金禾实业,002597
11898,山东章鼓,002598
11899,盛通股份,002599
11900,领益智造,002600
11901,龙佰集团,002601
11902,世纪华通,002602
11903,以岭药业,002603
11904,姚记科技,002605
11905,大连电瓷,002606
11906,中公教育,002607
11907,江苏国信,002608
11908,捷顺科技,002609
11909,爱康科技,002610
11910,东方精工,002611
11911,朗姿股份,002612
11912,北玻股份,002613
11913,奥佳华,002614
11914,哈尔斯,002615
11915,长青集团,002616
11916,露笑科技,002617
11917,瑞和股份,002620
11918,美吉姆,002621
11919,皓宸医疗,002622
11920,亚玛顿,002623
11921,完美世界,002624
11922,光启技术,002625
11923,金达威,002626
11924,三峡旅游,002627
11925,成都路桥,002628
11926,仁智股份,002629
11927,华西能源,002630
11928,德尔未来,002631
11929,道明光学,002632
11930,申科股份,002633
11931,棒杰股份,002634
11932,安洁科技,002635
11933,金安国纪,002636
11934,赞宇科技,002637
11935,勤上股份,002638
11936,雪人股份,002639
11937,跨境通,002640
11938,公元股份,002641
11939,荣联科技,002642
11940,万润股份,002643
11941,佛慈制药,002644
11942,华宏科技,002645
11943,天佑德酒,002646
11944,仁东控股,002647
11945,卫星化学,002648
11946,博彦科技,002649
11947,加加食品,002650
11948,利君股份,002651
11949,扬子新材,002652
11950,海思科,002653
11951,万润科技,002654
11952,共达电声,002655
11953,ST摩登,002656
11954,中科金财,002657
11955,雪迪龙,002658
11956,凯文教育,002659
11957,茂硕电源,002660
11958,克明食品,002661
11959,京威股份,002662
11960,普邦股份,002663
11961,信质集团,002664
11962,首航高科,002665
11963,德联集团,002666
11964,威领股份,002667
11965,奥马电器,002668
11966,康达新材,002669
11967,国盛金控,002670
11968,龙泉股份,002671
11969,东江环保,002672
11970,西部证券,002673
11971,兴业科技,002674
11972,东诚药业,002675
11973,顺威股份,002676
11974,浙江美大,002677
11975,珠江钢琴,002678
11976,福建金森,002679
11977,奋达科技,002681
11978,龙洲股份,002682
11979,广东宏大,002683
11980,华东重机,002685
11981,亿利达,002686
11982,乔治白,002687
11983,金河生物,002688
11984,远大智能,002689
11985,美亚光电,002690
11986,冀凯股份,002691
11987,远程股份,002692
11988,双成药业,002693
11989,顾地科技,002694
11990,煌上煌,002695
11991,百洋股份,002696
11992,红旗连锁,002697
11993,博实股份,002698
11994,*ST美盛,002699
11995,ST浩源,002700
11996,奥瑞金,002701
11997,海欣食品,002702
11998,浙江世宝,002703
11999,新宝股份,002705
12000,良信股份,002706
12001,众信旅游,002707
12002,光洋股份,002708
12003,天赐材料,002709
12004,思美传媒,002712
12005,东易日盛,002713
12006,牧原股份,002714
12007,登云股份,002715
12008,湖南白银,002716
12009,岭南股份,002717
12010,友邦吊顶,002718
12011,麦趣尔,002719
12012,*ST金一,002721
12013,物产金轮,002722
12014,小崧股份,002723
12015,海洋王,002724
12016,跃岭股份,002725
12017,龙大美食,002726
12018,一心堂,002727
12019,特一药业,002728
12020,好利科技,002729
12021,电光科技,002730
12022,萃华珠宝,002731
12023,燕塘乳业,002732
12024,雄韬股份,002733
12025,利民股份,002734
12026,王子新材,002735
12027,国信证券,002736
12028,葵花药业,002737
12029,中矿资源,002738
12030,万达电影,002739
12031,光华科技,002741
12032,ST三圣,002742
12033,富煌钢构,002743
12034,木林森,002745
12035,仙坛股份,002746
12036,埃斯顿,002747
12037,世龙实业,002748
12038,国光股份,002749
12039,龙津药业,002750
12040,昇兴股份,002752
12041,永东股份,002753
12042,奥赛康,002755
12043,永兴材料,002756
12044,南兴股份,002757
12045,浙农股份,002758
12046,天际股份,002759
12047,凤形股份,002760
12048,浙江建投,002761
12049,金发拉比,002762
12050,汇洁股份,002763
12051,蓝黛科技,002765
12052,索菱股份,002766
12053,先锋电子,002767
12054,国恩股份,002768
12055,普路通,002769
12056,真视通,002771
12057,众兴菌业,002772
12058,康弘药业,002773
12059,快意电梯,002774
12060,文科股份,002775
12061,久远银海,002777
12062,中晟高科,002778
12063,中坚科技,002779
12064,三夫户外,002780
12065,可立克,002782
12066,凯龙股份,002783
12067,万里石,002785
12068,银宝山新,002786
12069,华源控股,002787
12070,鹭燕医药,002788
12071,建艺集团,002789
12072,瑞尔特,002790
12073,坚朗五金,002791
12074,通宇通讯,002792
12075,罗欣药业,002793
12076,永和智控,002795
12077,世嘉科技,002796
12078,第一创业,002797
12079,帝欧家居,002798
12080,环球印务,002799
12081,ST天顺,002800
12082,微光股份,002801
12083,洪汇新材,002802
12084,吉宏股份,002803
12085,丰元股份,002805
12086,华锋股份,002806
12087,江阴银行,002807
12088,ST恒久,002808
12089,红墙股份,002809
12090,山东赫达,002810
12091,郑中设计,002811
12092,恩捷股份,002812
12093,路畅科技,002813
12094,崇达技术,002815
12095,*ST和科,002816
12096,黄山胶囊,002817
12097,富森美,002818
12098,东方中科,002819
12099,桂发祥,002820
12100,凯莱英,002821
12101,ST中装,002822
12102,凯中精密,002823
12103,和胜股份,002824
12104,纳尔股份,002825
12105,易明医药,002826
12106,高争民爆,002827
12107,贝肯能源,002828
12108,星网宇达,002829
12109,名雕股份,002830
12110,裕同科技,002831
12111,比音勒芬,002832
12112,弘亚数控,002833
12113,同为股份,002835
12114,新宏泽,002836
12115,英维克,002837
12116,道恩股份,002838
12117,张家港行,002839
12118,华统股份,002840
12119,视源股份,002841
12120,翔鹭钨业,002842
12121,泰嘉股份,002843
12122,同兴达,002845
12123,英联股份,002846
12124,盐津铺子,002847
12125,高斯贝尔,002848
12126,威星智能,002849
12127,科达利,002850
12128,麦格米特,002851
12129,道道全,002852
12130,"",002853
12131,捷荣技术,002855
12132,美芝股份,002856
12133,三晖电气,002857
12134,力盛体育,002858
12135,洁美科技,002859
12136,星帅尔,002860
12137,瀛通通讯,002861
12138,实丰文化,002862
12139,今飞凯达,002863
12140,盘龙药业,002864
12141,钧达股份,002865
12142,传艺科技,002866
12143,周大生,002867
12144,绿康生化,002868
12145,金溢科技,002869
12146,香山股份,002870
12147,伟隆股份,002871
12148,ST天圣,002872
12149,新天药业,002873
12150,安奈儿,002875
12151,三利谱,002876
12152,智能自控,002877
12153,元隆雅图,002878
12154,长缆科技,002879
12155,卫光生物,002880
12156,美格智能,002881
12157,金龙羽,002882
12158,中设股份,002883
12159,凌霄泵业,002884
12160,京泉华,002885
12161,沃特股份,002886
12162,绿茵生态,002887
12163,惠威科技,002888
12164,东方嘉盛,002889
12165,弘宇股份,002890
12166,中宠股份,002891
12167,科力尔,002892
12168,京能热力,002893
12169,川恒股份,002895
12170,中大力德,002896
12171,意华股份,002897
12172,赛隆药业,002898
12173,英派斯,002899
12174,哈三联,002900
12175,大博医疗,002901
12176,铭普光磁,002902
12177,宇环数控,002903
12178,金逸影视,002905
12179,华阳集团,002906
12180,华森制药,002907
12181,德生科技,002908
12182,集泰股份,002909
12183,庄园牧场,002910
12184,佛燃能源,002911
12185,中新赛克,002912
12186,奥士康,002913
12187,中欣氟材,002915
12188,深南电路,002916
12189,金奥博,002917
12190,蒙娜丽莎,002918
12191,名臣健康,002919
12192,德赛西威,002920
12193,联诚精密,002921
12194,伊戈尔,002922
12195,润都股份,002923
12196,盈趣科技,002925
12197,华西证券,002926
12198,泰永长征,002927
12199,华夏航空,002928
12200,润建股份,002929
12201,宏川智慧,002930
12202,锋龙股份,002931
12203,明德生物,002932
12204,新兴装备,002933
12205,天奥电子,002935
12206,郑州银行,002936
12207,兴瑞科技,002937
12208,鹏鼎控股,002938
12209,长城证券,002939
12210,昂利康,002940
12211,新疆交建,002941
12212,新农股份,002942
12213,宇晶股份,002943
12214,华林证券,002945
12215,新乳业,002946
12216,恒铭达,002947
12217,青岛银行,002948
12218,华阳国际,002949
12219,奥美医疗,002950
12220,*ST金时,002951
12221,亚世光电,002952
12222,日丰股份,002953
12223,鸿合科技,002955
12224,西麦食品,002956
12225,科瑞技术,002957
12226,青农商行,002958
12227,小熊电器,002959
12228,青鸟消防,002960
12229,瑞达期货,002961
12230,五方光电,002962
12231,豪尔赛,002963
12232,祥鑫科技,002965
12233,苏州银行,002966
12234,广电计量,002967
12235,新大正,002968
12236,嘉美包装,002969
12237,锐明技术,002970
12238,和远气体,002971
12239,科安达,002972
12240,侨银股份,002973
12241,博杰股份,002975
12242,瑞玛精密,002976
12243,天箭科技,002977
12244,安宁股份,002978
12245,雷赛智能,002979
12246,华盛昌,002980
12247,朝阳科技,002981
12248,湘佳股份,002982
12249,芯瑞达,002983
12250,森麒麟,002984
12251,北摩高科,002985
12252,宇新股份,002986
12253,京北方,002987
12254,豪美新材,002988
12255,中天精装,002989
12256,盛视科技,002990
12257,甘源食品,002991
12258,宝明科技,002992
12259,"",002993
12260,天地在线,002995
12261,顺博合金,002996
12262,瑞鹄模具,002997
12263,优彩资源,002998
12264,天禾股份,002999
12265,劲仔食品,003000
12266,中岩大地,003001
12267,壶化股份,003002
12268,天元股份,003003
12269,声迅股份,003004
12270,竞业达,003005
12271,百亚股份,003006
12272,直真科技,003007
12273,开普检测,003008
12274,中天火箭,003009
12275,若羽臣,003010
12276,海象新材,003011
12277,东鹏控股,003012
12278,地铁设计,003013
12279,日久光电,003015
12280,欣贺股份,003016
12281,大洋生物,003017
12282,金富科技,003018
12283,宸展光电,003019
12284,立方制药,003020
12285,兆威机电,003021
12286,联泓新科,003022
12287,彩虹集团,003023
12288,思进智能,003025
12289,中晶科技,003026
12290,同兴环保,003027
12291,振邦智能,003028
12292,吉大正元,003029
12293,祖名股份,003030
12294,中瓷电子,003031
12295,传智教育,003032
12296,征和工业,003033
12297,南网能源,003035
12298,泰坦股份,003036
12299,三和管桩,003037
12300,鑫铂股份,003038
12301,顺控发展,003039
12302,楚天龙,003040
12303,真爱美家,003041
12304,中农联合,003042
12305,华亚智能,003043
12306,中国广核,003816
12307,特锐德,300001
12308,神州泰岳,300002
12309,乐普医疗,300003
12310,南风股份,300004
12311,探路者,300005
12312,莱美药业,300006
12313,汉威科技,300007
12314,天海防务,300008
12315,安科生物,300009
12316,*ST豆神,300010
12317,鼎汉技术,300011
12318,华测检测,300012
12319,新宁物流,300013
12320,亿纬锂能,300014
12321,爱尔眼科,300015
12322,北陆药业,300016
12323,网宿科技,300017
12324,中元股份,300018
12325,硅宝科技,300019
12326,银江技术,300020
12327,大禹节水,300021
12328,吉峰科技,300022
12329,机器人,300024
12330,华星创业,300025
12331,红日药业,300026
12332,华谊兄弟,300027
12333,ST天龙,300029
12334,阳普医疗,300030
12335,宝通科技,300031
12336,金龙机电,300032
12337,同花顺,300033
12338,钢研高纳,300034
12339,中科电气,300035
12340,超图软件,300036
12341,新宙邦,300037
12342,上海凯宝,300039
12343,九洲集团,300040
12344,回天新材,300041
12345,朗科科技,300042
12346,星辉娱乐,300043
12347,赛为智能,300044
12348,华力创通,300045
12349,台基股份,300046
12350,天源迪科,300047
12351,合康新能,300048
12352,福瑞股份,300049
12353,世纪鼎利,300050
12354,琏升科技,300051
12355,中青宝,300052
12356,航宇微,300053
12357,鼎龙股份,300054
12358,万邦达,300055
12359,中创环保,300056
12360,万顺新材,300057
12361,蓝色光标,300058
12362,东方财富,300059
12363,旗天科技,300061
12364,中能电气,300062
12365,天龙集团,300063
12366,海兰信,300065
12367,三川智慧,300066
12368,安诺其,300067
12369,南都电源,300068
12370,金利华电,300069
12371,碧水源,300070
12372,福石控股,300071
12373,海新能科,300072
12374,当升科技,300073
12375,华平股份,300074
12376,数字政通,300075
12377,GQY视讯,300076
12378,国民技术,300077
12379,思创医惠,300078
12380,数码视讯,300079
12381,易成新能,300080
12382,恒信东方,300081
12383,奥克股份,300082
12384,创世纪,300083
12385,海默科技,300084
12386,银之杰,300085
12387,康芝药业,300086
12388,荃银高科,300087
12389,长信科技,300088
12390,金通灵,300091
12391,科新机电,300092
12392,金刚光伏,300093
12393,国联水产,300094
12394,华伍股份,300095
12395,ST易联众,300096
12396,智云股份,300097
12397,高新兴,300098
12398,尤洛卡,300099
12399,双林股份,300100
12400,振芯科技,300101
12401,乾照光电,300102
12402,达刚控股,300103
12403,龙源技术,300105
12404,西部牧业,300106
12405,建新股份,300107
12406,ST吉药,300108
12407,新开源,300109
12408,华仁药业,300110
12409,向日葵,300111
12410,万讯自控,300112
12411,顺网科技,300113
12412,中航电测,300114
12413,长盈精密,300115
12414,保力新,300116
12415,嘉寓股份,300117
12416,东方日升,300118
12417,瑞普生物,300119
12418,经纬辉开,300120
12419,阳谷华泰,300121
12420,智飞生物,300122
12421,亚光科技,300123
12422,汇川技术,300124
12423,聆达股份,300125
12424,锐奇股份,300126
12425,银河磁体,300127
12426,锦富技术,300128
12427,泰胜风能,300129
12428,新国都,300130
12429,英唐智控,300131
12430,青松股份,300132
12431,华策影视,300133
12432,大富科技,300134
12433,宝利国际,300135
12434,"",300136
12435,先河环保,300137
12436,晨光生物,300138
12437,晓程科技,300139
12438,节能环境,300140
12439,和顺电气,300141
12440,沃森生物,300142
12441,盈康生命,300143
12442,宋城演艺,300144
12443,中金环境,300145
12444,汤臣倍健,300146
12445,香雪制药,300147
12446,天舟文化,300148
12447,睿智医药,300149
12448,世纪瑞尔,300150
12449,昌红科技,300151
12450,新动力,300152
12451,"",300153
12452,瑞凌股份,300154
12453,安居宝,300155
12454,新锦动力,300157
12455,振东制药,300158
12456,新研股份,300159
12457,秀强股份,300160
12458,华中数控,300161
12459,雷曼光电,300162
12460,先锋新材,300163
12461,通源石油,300164
12462,天瑞仪器,300165
12463,东方国信,300166
12464,ST迪威迅,300167
12465,万达信息,300168
12466,天晟新材,300169
12467,汉得信息,300170
12468,东富龙,300171
12469,中电环保,300172
12470,福能东方,300173
12471,元力股份,300174
12472,朗源股份,300175
12473,派生科技,300176
12474,中海达,300177
12475,四方达,300179
12476,华峰超纤,300180
12477,佐力药业,300181
12478,捷成股份,300182
12479,东软载波,300183
12480,力源信息,300184
12481,通裕重工,300185
12482,永清环保,300187
12483,国投智能,300188
12484,神农科技,300189
12485,维尔利,300190
12486,潜能恒信,300191
12487,科德教育,300192
12488,佳士科技,300193
12489,福安药业,300194
12490,长荣股份,300195
12491,长海股份,300196
12492,节能铁汉,300197
12493,纳川股份,300198
12494,翰宇药业,300199
12495,高盟新材,300200
12496,海伦哲,300201
12497,聚光科技,300203
12498,舒泰神,300204
12499,ST天喻,300205
12500,理邦仪器,300206
12501,欣旺达,300207
12502,青岛中程,300208
12503,ST有棵树,300209
12504,森远股份,300210
12505,亿通科技,300211
12506,易华录,300212
12507,佳讯飞鸿,300213
12508,日科化学,300214
12509,电科院,300215
12510,东方电热,300217
12511,安利股份,300218
12512,鸿利智汇,300219
12513,ST金运,300220
12514,银禧科技,300221
12515,科大智能,300222
12516,北京君正,300223
12517,正海磁材,300224
12518,金力泰,300225
12519,上海钢联,300226
12520,光韵达,300227
12521,富瑞特装,300228
12522,拓尔思,300229
12523,永利股份,300230
12524,银信科技,300231
12525,洲明科技,300232
12526,金城医药,300233
12527,开尔新材,300234
12528,方直科技,300235
12529,上海新阳,300236
12530,美晨生态,300237
12531,冠昊生物,300238
12532,东宝生物,300239
12533,飞力达,300240
12534,瑞丰光电,300241
12535,佳云科技,300242
12536,瑞丰高材,300243
12537,迪安诊断,300244
12538,天玑科技,300245
12539,宝莱特,300246
12540,融捷健康,300247
12541,新开普,300248
12542,依米康,300249
12543,初灵信息,300250
12544,光线传媒,300251
12545,金信诺,300252
12546,卫宁健康,300253
12547,仟源医药,300254
12548,常山药业,300255
12549,星星科技,300256
12550,开山股份,300257
12551,精锻科技,300258
12552,新天科技,300259
12553,新莱应材,300260
12554,雅本化学,300261
12555,巴安水务,300262
12556,隆华科技,300263
12557,佳创视讯,300264
12558,通光线缆,300265
12559,兴源环境,300266
12560,尔康制药,300267
12561,*ST佳沃,300268
12562,联建光电,300269
12563,中威电子,300270
12564,华宇软件,300271
12565,开能健康,300272
12566,阳光电源,300274
12567,梅安森,300275
12568,三丰智能,300276
12569,海联讯,300277
12570,华昌达,300278
12571,和晶科技,300279
12572,紫天科技,300280
12573,金明精机,300281
12574,*ST三盛,300282
12575,温州宏丰,300283
12576,苏交科,300284
12577,国瓷材料,300285
12578,安科瑞,300286
12579,飞利信,300287
12580,朗玛信息,300288
12581,利德曼,300289
12582,荣科科技,300290
12583,百纳千成,300291
12584,吴通控股,300292
12585,蓝英装备,300293
12586,博雅生物,300294
12587,三六五网,300295
12588,利亚德,300296
12589,三诺生物,300298
12590,富春股份,300299
12591,海峡创新,300300
12592,*ST长方,300301
12593,同有科技,300302
12594,聚飞光电,300303
12595,云意电气,300304
12596,裕兴股份,300305
12597,远方信息,300306
12598,慈星股份,300307
12599,中际旭创,300308
12600,宜通世纪,300310
12601,任子行,300311
12602,*ST天山,300313
12603,戴维医疗,300314
12604,掌趣科技,300315
12605,晶盛机电,300316
12606,珈伟新能,300317
12607,博晖创新,300318
12608,麦捷科技,300319
12609,海达股份,300320
12610,同大股份,300321
12611,硕贝德,300322
12612,华灿光电,300323
12613,旋极信息,300324
12614,凯利泰,300326
12615,中颖电子,300327
12616,宜安科技,300328
12617,海伦钢琴,300329
12618,苏大维格,300331
12619,天壕能源,300332
12620,兆日科技,300333
12621,津膜科技,300334
12622,迪森股份,300335
12623,银邦股份,300337
12624,开元教育,300338
12625,润和软件,300339
12626,科恒股份,300340
12627,麦克奥迪,300341
12628,天银机电,300342
12629,联创股份,300343
12630,立方数科,300344
12631,华民股份,300345
12632,南大光电,300346
12633,泰格医药,300347
12634,长亮科技,300348
12635,金卡智能,300349
12636,华鹏飞,300350
12637,永贵电器,300351
12638,北信源,300352
12639,东土科技,300353
12640,东华测试,300354
12641,蒙草生态,300355
12642,我武生物,300357
12643,楚天科技,300358
12644,全通教育,300359
12645,炬华科技,300360
12646,博腾股份,300363
12647,中文在线,300364
12648,恒华科技,300365
12649,创意信息,300366
12650,汇金股份,300368
12651,绿盟科技,300369
12652,安控科技,300370
12653,汇中股份,300371
12654,扬杰科技,300373
12655,中铁装配,300374
12656,鹏翎股份,300375
12657,易事特,300376
12658,赢时胜,300377
12659,鼎捷软件,300378
12660,东方通,300379
12661,安硕信息,300380
12662,溢多利,300381
12663,斯莱克,300382
12664,光环新网,300383
12665,三联虹普,300384
12666,雪浪环境,300385
12667,飞天诚信,300386
12668,富邦股份,300387
12669,节能国祯,300388
12670,艾比森,300389
12671,天华新能,300390
12672,长药控股,300391
12673,中来股份,300393
12674,天孚通信,300394
12675,菲利华,300395
12676,迪瑞医疗,300396
12677,天和防务,300397
12678,飞凯材料,300398
12679,天利科技,300399
12680,劲拓股份,300400
12681,花园生物,300401
12682,宝色股份,300402
12683,汉宇集团,300403
12684,博济医药,300404
12685,科隆股份,300405
12686,九强生物,300406
12687,凯发电气,300407
12688,三环集团,300408
12689,道氏技术,300409
12690,正业科技,300410
12691,金盾股份,300411
12692,迦南科技,300412
12693,芒果超媒,300413
12694,中光防雷,300414
12695,伊之密,300415
12696,苏试试验,300416
12697,南华仪器,300417
12698,昆仑万维,300418
12699,浩丰科技,300419
12700,五洋自控,300420
12701,力星股份,300421
12702,博世科,300422
12703,昇辉科技,300423
12704,航新科技,300424
12705,中建环能,300425
12706,唐德影视,300426
12707,*ST红相,300427
12708,立中集团,300428
12709,强力新材,300429
12710,诚益通,300430
12711,富临精工,300432
12712,蓝思科技,300433
12713,"",300434
12714,中泰股份,300435
12715,广生堂,300436
12716,清水源,300437
12717,鹏辉能源,300438
12718,美康生物,300439
12719,运达科技,300440
12720,鲍斯股份,300441
12721,润泽科技,300442
12722,金雷股份,300443
12723,双杰电气,300444
12724,康斯特,300445
12725,航天智造,300446
12726,全信股份,300447
12727,浩云科技,300448
12728,汉邦高科,300449
12729,先导智能,300450
12730,创业慧康,300451
12731,山河药辅,300452
12732,三鑫医疗,300453
12733,深信服,300454
12734,"",300455
12735,赛微电子,300456
12736,赢合科技,300457
12737,全志科技,300458
12738,汤姆猫,300459
12739,惠伦晶体,300460
12740,田中精机,300461
12741,华铭智能,300462
12742,迈克生物,300463
12743,星徽股份,300464
12744,高伟达,300465
12745,赛摩智能,300466
12746,迅游科技,300467
12747,四方精创,300468
12748,信息发展,300469
12749,中密控股,300470
12750,厚普股份,300471
12751,新元科技,300472
12752,德尔股份,300473
12753,景嘉微,300474
12754,香农芯创,300475
12755,胜宏科技,300476
12756,合纵科技,300477
12757,杭州高新,300478
12758,神思电子,300479
12759,光力科技,300480
12760,濮阳惠成,300481
12761,万孚生物,300482
12762,首华燃气,300483
12763,蓝海华腾,300484
12764,赛升药业,300485
12765,东杰智能,300486
12766,蓝晓科技,300487
12767,恒锋工具,300488
12768,光智科技,300489
12769,华自科技,300490
12770,通合科技,300491
12771,华图山鼎,300492
12772,润欣科技,300493
12773,盛天网络,300494
12774,*ST美尚,300495
12775,中科创达,300496
12776,富祥药业,300497
12777,温氏股份,300498
12778,高澜股份,300499
12779,启迪设计,300500
12780,海顺新材,300501
12781,新易盛,300502
12782,昊志机电,300503
12783,天邑股份,300504
12784,川金诺,300505
12785,名家汇,300506
12786,苏奥传感,300507
12787,维宏股份,300508
12788,新美星,300509
12789,金冠股份,300510
12790,雪榕生物,300511
12791,中亚股份,300512
12792,恒实科技,300513
12793,友讯达,300514
12794,三德科技,300515
12795,久之洋,300516
12796,海波重科,300517
12797,新迅达,300518
12798,新光药业,300519
12799,科大国创,300520
12800,爱司凯,300521
12801,世名科技,300522
12802,辰安科技,300523
12803,博思软件,300525
12804,中船应急,300527
12805,幸福蓝海,300528
12806,健帆生物,300529
12807,领湃科技,300530
12808,优博讯,300531
12809,今天国际,300532
12810,冰川网络,300533
12811,陇神戎发,300534
12812,达威股份,300535
12813,农尚环境,300536
12814,广信材料,300537
12815,同益股份,300538
12816,横河精密,300539
12817,蜀道装备,300540
12818,先进数通,300541
12819,新晨科技,300542
12820,朗科智能,300543
12821,联得装备,300545
12822,雄帝科技,300546
12823,川环科技,300547
12824,博创科技,300548
12825,优德精密,300549
12826,和仁科技,300550
12827,古鳌科技,300551
12828,万集科技,300552
12829,集智股份,300553
12830,三超新材,300554
12831,ST路通,300555
12832,丝路视觉,300556
12833,理工光科,300557
12834,贝达药业,300558
12835,佳发教育,300559
12836,中富通,300560
12837,汇金科技,300561
12838,乐心医疗,300562
12839,神宇股份,300563
12840,筑博设计,300564
12841,科信技术,300565
12842,激智科技,300566
12843,精测电子,300567
12844,星源材质,300568
12845,天能重工,300569
12846,太辰光,300570
12847,平治信息,300571
12848,安车检测,300572
12849,兴齐眼药,300573
12850,中旗股份,300575
12851,容大感光,300576
12852,开润股份,300577
12853,会畅通讯,300578
12854,数字认证,300579
12855,贝斯特,300580
12856,晨曦航空,300581
12857,英飞特,300582
12858,赛托生物,300583
12859,海辰药业,300584
12860,奥联电子,300585
12861,美联新材,300586
12862,天铁股份,300587
12863,熙菱信息,300588
12864,江龙船艇,300589
12865,移为通信,300590
12866,万里马,300591
12867,华凯易佰,300592
12868,新雷能,300593
12869,朗进科技,300594
12870,欧普康视,300595
12871,利安隆,300596
12872,吉大通信,300597
12873,诚迈科技,300598
12874,雄塑科技,300599
12875,国瑞科技,300600
12876,康泰生物,300601
12877,飞荣达,300602
12878,立昂技术,300603
12879,长川科技,300604
12880,恒锋信息,300605
12881,金太阳,300606
12882,拓斯达,300607
12883,思特奇,300608
12884,汇纳科技,300609
12885,晨化股份,300610
12886,美力科技,300611
12887,宣亚国际,300612
12888,富瀚微,300613
12889,百川畅银,300614
12890,欣天科技,300615
12891,尚品宅配,300616
12892,安靠智电,300617
12893,寒锐钴业,300618
12894,金银河,300619
12895,光库科技,300620
12896,维业股份,300621
12897,博士眼镜,300622
12898,捷捷微电,300623
12899,万兴科技,300624
12900,三雄极光,300625
12901,华瑞股份,300626
12902,华测导航,300627
12903,亿联网络,300628
12904,新劲刚,300629
12905,普利制药,300630
12906,久吾高科,300631
12907,光莆股份,300632
12908,开立医疗,300633
12909,彩讯股份,300634
12910,中达安,300635
12911,同和药业,300636
12912,扬帆新材,300637
12913,广和通,300638
12914,凯普生物,300639
12915,德艺文创,300640
12916,正丹股份,300641
12917,透景生命,300642
12918,万通智控,300643
12919,南京聚隆,300644
12920,正元智慧,300645
12921,超频三,300647
12922,星云股份,300648
12923,杭州园林,300649
12924,太龙股份,300650
12925,金陵体育,300651
12926,雷迪克,300652
12927,正海生物,300653
12928,世纪天鸿,300654
12929,晶瑞电材,300655
12930,民德电子,300656
12931,弘信电子,300657
12932,延江股份,300658
12933,中孚信息,300659
12934,江苏雷利,300660
12935,圣邦股份,300661
12936,科锐国际,300662
12937,科蓝软件,300663
12938,鹏鹞环保,300664
12939,飞鹿股份,300665
12940,江丰电子,300666
12941,必创科技,300667
12942,杰恩设计,300668
12943,沪宁股份,300669
12944,大烨智能,300670
12945,富满微,300671
12946,国科微,300672
12947,佩蒂股份,300673
12948,宇信科技,300674
12949,建科院,300675
12950,华大基因,300676
12951,英科医疗,300677
12952,中科信息,300678
12953,电连技术,300679
12954,隆盛科技,300680
12955,英搏尔,300681
12956,朗新集团,300682
12957,海特生物,300683
12958,中石科技,300684
12959,艾德生物,300685
12960,智动力,300686
12961,赛意信息,300687
12962,创业黑马,300688
12963,澄天伟业,300689
12964,双一科技,300690
12965,联合光电,300691
12966,中环环保,300692
12967,盛弘股份,300693
12968,蠡湖股份,300694
12969,兆丰股份,300695
12970,爱乐达,300696
12971,电工合金,300697
12972,万马科技,300698
12973,光威复材,300699
12974,岱勒新材,300700
12975,森霸传感,300701
12976,天宇股份,300702
12977,创源股份,300703
12978,九典制药,300705
12979,阿石创,300706
12980,威唐工业,300707
12981,聚灿光电,300708
12982,精研科技,300709
12983,万隆光电,300710
12984,广哈通信,300711
12985,永福股份,300712
12986,英可瑞,300713
12987,凯伦股份,300715
12988,泉为科技,300716
12989,华信新材,300717
12990,长盛轴承,300718
12991,安达维尔,300719
12992,海川智能,300720
12993,怡达股份,300721
12994,新余国科,300722
12995,一品红,300723
12996,捷佳伟创,300724
12997,药石科技,300725
12998,宏达电子,300726
12999,润禾材料,300727
13000,乐歌股份,300729
13001,科创信息,300730
13002,科创新源,300731
13003,设研院,300732
13004,西菱动力,300733
13005,光弘科技,300735
13006,百邦科技,300736
13007,科顺股份,300737
13008,奥飞数据,300738
13009,明阳电路,300739
13010,水羊股份,300740
13011,华宝股份,300741
13012,*ST越博,300742
13013,天地数码,300743
13014,欣锐科技,300745
13015,汉嘉设计,300746
13016,锐科激光,300747
13017,金力永磁,300748
13018,顶固集创,300749
13019,宁德时代,300750
13020,迈为股份,300751
13021,隆利科技,300752
13022,爱朋医疗,300753
13023,华致酒行,300755
13024,金马游乐,300756
13025,罗博特科,300757
13026,七彩化学,300758
13027,康龙化成,300759
13028,迈瑞医疗,300760
13029,立华股份,300761
13030,上海瀚讯,300762
13031,锦浪科技,300763
13032,新诺威,300765
13033,每日互动,300766
13034,震安科技,300767
13035,迪普科技,300768
13036,德方纳米,300769
13037,新媒股份,300770
13038,智莱科技,300771
13039,运达股份,300772
13040,拉卡拉,300773
13041,倍杰特,300774
13042,三角防务,300775
13043,帝尔激光,300776
13044,中简科技,300777
13045,新城市,300778
13046,惠城环保,300779
13047,德恩精工,300780
13048,因赛集团,300781
13049,卓胜微,300782
13050,三只松鼠,300783
13051,值得买,300785
13052,国林科技,300786
13053,海能实业,300787
13054,中信出版,300788
13055,唐源电气,300789
13056,宇瞳光学,300790
13057,仙乐健康,300791
13058,壹网壹创,300792
13059,佳禾智能,300793
13060,米奥会展,300795
13061,贝斯美,300796
13062,钢研纳克,300797
13063,锦鸡股份,300798
13064,*ST左江,300799
13065,力合科技,300800
13066,泰和科技,300801
13067,矩子科技,300802
13068,指南针,300803
13069,广康生化,300804
13070,电声股份,300805
13071,斯迪克,300806
13072,天迈科技,300807
13073,久量股份,300808
13074,华辰装备,300809
13075,中科海讯,300810
13076,铂科新材,300811
13077,易天股份,300812
13078,泰林生物,300813
13079,中富电路,300814
13080,玉禾田,300815
13081,艾可蓝,300816
13082,双飞集团,300817
13083,耐普矿机,300818
13084,聚杰微纤,300819
13085,英杰电气,300820
13086,东岳硅材,300821
13087,贝仕达克,300822
13088,建科机械,300823
13089,北鼎股份,300824
13090,阿尔特,300825
13091,测绘股份,300826
13092,上能电气,300827
13093,锐新科技,300828
13094,金丹科技,300829
13095,金现代,300830
13096,派瑞股份,300831
13097,新产业,300832
13098,浩洋股份,300833
13099,星辉环材,300834
13100,龙磁科技,300835
13101,佰奥智能,300836
13102,浙矿股份,300837
13103,浙江力诺,300838
13104,博汇股份,300839
13105,酷特智能,300840
13106,康华生物,300841
13107,帝科股份,300842
13108,胜蓝股份,300843
13109,山水比德,300844
13110,捷安高科,300845
13111,首都在线,300846
13112,中船汉光,300847
13113,美瑞新材,300848
13114,锦盛新材,300849
13115,新强联,300850
13116,交大思诺,300851
13117,四会富仕,300852
13118,申昊科技,300853
13119,中兰环保,300854
13120,图南股份,300855
13121,科思股份,300856
13122,协创数据,300857
13123,科拓生物,300858
13124,*ST西域,300859
13125,锋尚文化,300860
13126,美畅股份,300861
13127,蓝盾光电,300862
13128,卡倍亿,300863
13129,南大环境,300864
13130,大宏立,300865
13131,安克创新,300866
13132,圣元环保,300867
13133,杰美特,300868
13134,康泰医学,300869
13135,欧陆通,300870
13136,回盛生物,300871
13137,天阳科技,300872
13138,海晨股份,300873
13139,捷强装备,300875
13140,蒙泰高新,300876
13141,金春股份,300877
13142,维康药业,300878
13143,大叶股份,300879
13144,迦南智能,300880
13145,盛德鑫泰,300881
13146,万胜智能,300882
13147,龙利得,300883
13148,狄耐克,300884
13149,海昌新材,300885
13150,华业香料,300886
13151,谱尼测试,300887
13152,稳健医疗,300888
13153,爱克股份,300889
13154,翔丰华,300890
13155,惠云钛业,300891
13156,品渥食品,300892
13157,松原股份,300893
13158,火星人,300894
13159,铜牛信息,300895
13160,爱美客,300896
13161,山科智能,300897
13162,熊猫乳品,300898
13163,上海凯鑫,300899
13164,广联航空,300900
13165,中胤时尚,300901
13166,国安达,300902
13167,科翔股份,300903
13168,威力传动,300904
13169,宝丽迪,300905
13170,日月明,300906
13171,康平科技,300907
13172,仲景食品,300908
13173,汇创达,300909
13174,瑞丰新材,300910
13175,亿田智能,300911
13176,凯龙高科,300912
13177,兆龙互连,300913
13178,海融科技,300915
13179,朗特智能,300916
13180,特发服务,300917
13181,南山智尚,300918
13182,中伟股份,300919
13183,润阳科技,300920
13184,南凌科技,300921
13185,天秦装备,300922
13186,研奥股份,300923
13187,法本信息,300925
13188,博俊科技,300926
13189,江天化学,300927
13190,华安鑫创,300928
13191,华骐环保,300929
13192,屹通新材,300930
13193,通用电梯,300931
13194,三友联众,300932
13195,中辰股份,300933
13196,盈建科,300935
13197,中英科技,300936
13198,药易购,300937
13199,信测标准,300938
13200,秋田微,300939
13201,南极光,300940
13202,创识科技,300941
13203,易瑞生物,300942
13204,春晖智控,300943
13205,曼卡龙,300945
13206,恒而达,300946
13207,德必集团,300947
13208,冠中生态,300948
13209,奥雅股份,300949
13210,德固特,300950
13211,博硕科技,300951
13212,恒辉安防,300952
13213,震裕科技,300953
13214,嘉亨家化,300955
13215,英力股份,300956
13216,贝泰妮,300957
13217,建工修复,300958
13218,线上线下,300959
13219,通业科技,300960
13220,深水海纳,300961
13221,中金辐照,300962
13222,中洲特材,300963
13223,本川智能,300964
13224,恒宇信通,300965
13225,共同药业,300966
13226,晓鸣股份,300967
13227,格林精密,300968
13228,恒帅股份,300969
13229,华绿生物,300970
13230,博亚精工,300971
13231,万辰集团,300972
13232,立高食品,300973
13233,商络电子,300975
13234,达瑞电子,300976
13235,深圳瑞捷,300977
13236,东箭科技,300978
13237,华利集团,300979
13238,祥源新材,300980
13239,中红医疗,300981
13240,苏文电能,300982
13241,尤安设计,300983
13242,金沃股份,300984
13243,致远新能,300985
13244,志特新材,300986
13245,川网传媒,300987
13246,津荣天宇,300988
13247,蕾奥规划,300989
13248,同飞股份,300990
13249,创益通,300991
13250,泰福泵业,300992
13251,玉马遮阳,300993
13252,久祺股份,300994
13253,奇德新材,300995
13254,普联软件,300996
13255,欢乐家,300997
13256,宁波方正,300998
13257,金龙鱼,300999
13258,肇民科技,301000
13259,凯淳股份,301001
13260,崧盛股份,301002
13261,江苏博云,301003
13262,嘉益股份,301004
13263,超捷股份,301005
13264,迈拓股份,301006
13265,德迈仕,301007
13266,宏昌科技,301008
13267,可靠股份,301009
13268,晶雪节能,301010
13269,华立科技,301011
13270,扬电科技,301012
13271,利和兴,301013
13272,百洋医药,301015
13273,雷尔伟,301016
13274,漱玉平民,301017
13275,申菱环境,301018
13276,宁波色母,301019
13277,密封科技,301020
13278,英诺激光,301021
13279,海泰科,301022
13280,江南奕帆,301023
13281,霍普股份,301024
13282,读客文化,301025
13283,浩通科技,301026
13284,华蓝集团,301027
13285,东亚机械,301028
13286,怡合达,301029
13287,仕净科技,301030
13288,中熔电气,301031
13289,新柴股份,301032
13290,迈普医学,301033
13291,润丰股份,301035
13292,双乐股份,301036
13293,保立佳,301037
13294,深水规院,301038
13295,中集车辆,301039
13296,中环海陆,301040
13297,金百泽,301041
13298,安联锐视,301042
13299,绿岛风,301043
13300,天禄科技,301045
13301,能辉科技,301046
13302,义翘神州,301047
13303,金鹰重工,301048
13304,超越科技,301049
13305,雷电微力,301050
13306,信濠光电,301051
13307,果麦文化,301052
13308,远信工业,301053
13309,张小泉,301055
13310,森赫股份,301056
13311,汇隆新材,301057
13312,中粮科工,301058
13313,金三江,301059
13314,兰卫医学,301060
13315,匠心家居,301061
13316,上海艾录,301062
13317,海锅股份,301063
13318,本立科技,301065
13319,万事利,301066
13320,显盈科技,301067
13321,大地海洋,301068
13322,凯盛新材,301069
13323,开勒股份,301070
13324,力量钻石,301071
13325,中捷精工,301072
13326,君亭酒店,301073
13327,多瑞医药,301075
13328,新瀚新材,301076
13329,星华新材,301077
13330,孩子王,301078
13331,邵阳液压,301079
13332,百普赛斯,301080
13333,严牌股份,301081
13334,"",301082
13335,百胜智能,301083
13336,亚康股份,301085
13337,鸿富瀚,301086
13338,可孚医疗,301087
13339,戎美股份,301088
13340,拓新药业,301089
13341,华润材料,301090
13342,深城交,301091
13343,争光股份,301092
13344,华兰股份,301093
13345,广立微,301095
13346,百诚医药,301096
13347,天益医疗,301097
13348,金埔园林,301098
13349,雅创电子,301099
13350,风光股份,301100
13351,明月镜片,301101
13352,兆讯传媒,301102
13353,何氏眼科,301103
13354,鸿铭股份,301105
13355,骏成科技,301106
13356,瑜欣电子,301107
13357,洁雅股份,301108
13358,军信股份,301109
13359,青木股份,301110
13360,粤万年青,301111
13361,信邦智能,301112
13362,雅艺科技,301113
13363,建科股份,301115
13364,益客食品,301116
13365,佳缘科技,301117
13366,恒光股份,301118
13367,正强股份,301119
13368,新特电气,301120
13369,紫建电子,301121
13370,采纳股份,301122
13371,奕东电子,301123
13372,腾亚精工,301125
13373,达嘉维康,301126
13374,天源环保,301127
13375,强瑞技术,301128
13376,瑞纳智能,301129
13377,西点药业,301130
13378,聚赛龙,301131
13379,满坤科技,301132
13380,金钟股份,301133
13381,瑞德智能,301135
13382,招标股份,301136
13383,哈焊华通,301137
13384,华研精机,301138
13385,元道通信,301139
13386,中科磁业,301141
13387,嘉戎技术,301148
13388,隆华新材,301149
13389,中一科技,301150
13390,冠龙节能,301151
13391,天力锂能,301152
13392,中科江南,301153
13393,海力风电,301155
13394,美农生物,301156
13395,华塑科技,301157
13396,德石股份,301158
13397,三维天地,301159
13398,翔楼新材,301160
13399,唯万密封,301161
13400,国能日新,301162
13401,宏德股份,301163
13402,锐捷网络,301165
13403,优宁维,301166
13404,建研设计,301167
13405,通灵股份,301168
13406,零点有数,301169
13407,"",301170
13408,易点天下,301171
13409,君逸数码,301172
13410,中科环保,301175
13411,逸豪新材,301176
13412,迪阿股份,301177
13413,天亿马,301178
13414,泽宇智能,301179
13415,万祥科技,301180
13416,标榜股份,301181
13417,凯旺科技,301182
13418,东田微,301183
13419,鸥玛软件,301185
13420,超达装备,301186
13421,欧圣电气,301187
13422,力诺特玻,301188
13423,奥尼电子,301189
13424,善水科技,301190
13425,菲菱科思,301191
13426,泰祥股份,301192
13427,家联科技,301193
13428,北路智控,301195
13429,唯科科技,301196
13430,工大科雅,301197
13431,喜悦智行,301198
13432,迈赫股份,301199
13433,大族数控,301200
13434,诚达药业,301201
13435,朗威股份,301202
13436,国泰环保,301203
13437,联特科技,301205
13438,三元生物,301206
13439,华兰疫苗,301207
13440,中亦科技,301208
13441,联合化学,301209
13442,金杨股份,301210
13443,亨迪药业,301211
13444,联盛化学,301212
13445,观想科技,301213
13446,中汽股份,301215
13447,万凯新材,301216
13448,铜冠铜箔,301217
13449,华是科技,301218
13450,腾远钴业,301219
13451,亚香股份,301220
13452,光庭信息,301221
13453,浙江恒威,301222
13454,中荣股份,301223
13455,恒勃股份,301225
13456,祥明智能,301226
13457,森鹰窗业,301227
13458,实朴检测,301228
13459,纽泰格,301229
13460,泓博医药,301230
13461,荣信文化,301231
13462,飞沃科技,301232
13463,盛帮股份,301233
13464,五洲医疗,301234
13465,华康医疗,301235
13466,软通动力,301236
13467,和顺科技,301237
13468,瑞泰新材,301238
13469,普瑞眼科,301239
13470,宏源药业,301246
13471,杰创智能,301248
13472,威尔高,301251
13473,同星科技,301252
13474,通力科技,301255
13475,华融化学,301256
13476,普蕊斯,301257
13477,富士莱,301258
13478,艾布鲁,301259
13479,格力博,301260
13480,恒工精密,301261
13481,海看股份,301262
13482,泰恩康,301263
13483,华新环保,301265
13484,宇邦新材,301266
13485,华厦眼科,301267
13486,铭利达,301268
13487,华大九天,301269
13488,汉仪股份,301270
13489,英华特,301272
13490,"",301273
13491,嘉曼服饰,301276
13492,新天地,301277
13493,快可电子,301278
13494,金道科技,301279
13495,珠城科技,301280
13496,科源制药,301281
13497,金禄电子,301282
13498,聚胶股份,301283
13499,鸿日达,301285
13500,侨源股份,301286
13501,康力源,301287
13502,清研环境,301288
13503,国缆检测,301289
13504,东星医疗,301290
13505,明阳电气,301291
13506,海科新源,301292
13507,三博脑科,301293
13508,美硕科技,301295
13509,新巨丰,301296
13510,富乐德,301297
13511,东利机械,301298
13512,卓创资讯,301299
13513,远翔新材,301300
13514,川宁生物,301301
13515,华如科技,301302
13516,真兰仪表,301303
13517,朗坤环境,301305
13518,西测测试,301306
13519,美利信,301307
13520,江波龙,301308
13521,"",301309
13522,鑫宏业,301310
13523,昆船智能,301311
13524,智立方,301312
13525,凡拓数创,301313
13526,科瑞思,301314
13527,威士顿,301315
13528,慧博云通,301316
13529,鑫磊股份,301317
13530,维海德,301318
13531,唯特偶,301319
13532,豪江智能,301320
13533,翰博高新,301321
13534,绿通科技,301322
13535,新莱福,301323
13536,曼恩斯特,301325
13537,捷邦科技,301326
13538,华宝新能,301327
13539,维峰电子,301328
13540,信音电子,301329
13541,熵基科技,301330
13542,恩威医药,301331
13543,德尔玛,301332
13544,诺思格,301333
13545,天元宠物,301335
13546,趣睡科技,301336
13547,亚华电子,301337
13548,凯格精机,301338
13549,通行宝,301339
13550,涛涛车业,301345
13551,蓝箭电子,301348
13552,信德新材,301349
13553,普莱得,301353
13554,南王科技,301355
13555,天振股份,301356
13556,北方长龙,301357
13557,湖南裕能,301358
13558,东南电子,301359
13559,荣旗科技,301360
13560,众智科技,301361
13561,民爆光电,301362
13562,美好医疗,301363
13563,矩阵股份,301365
13564,一博科技,301366
13565,怡和嘉业,301367
13566,丰立智能,301368
13567,联动科技,301369
13568,国科恒泰,301370
13569,敷尔佳,301371
13570,科净源,301372
13571,凌玮科技,301373
13572,致欧科技,301376
13573,鼎泰高科,301377
13574,通达海,301378
13575,天山电子,301379
13576,挖金客,301380
13577,赛维时代,301381
13578,蜂助手,301382
13579,天键股份,301383
13580,未来电器,301386
13581,光大同创,301387
13582,欣灵电气,301388
13583,隆扬电子,301389
13584,经纬股份,301390
13585,卡莱特,301391
13586,昊帆生物,301393
13587,仁信新材,301395
13588,宏景科技,301396
13589,溯联股份,301397
13590,星源卓镁,301398
13591,英特科技,301399
13592,华人健康,301408
13593,安培龙,301413
13594,协昌科技,301418
13595,阿莱德,301419
13596,波长光电,301421
13597,世纪恒通,301428
13598,森泰股份,301429
13599,泓淋电力,301439
13600,福事特,301446
13601,开创电气,301448
13602,盘古智能,301456
13603,丰茂股份,301459
13604,博盈特焊,301468
13605,恒达新材,301469
13606,致尚科技,301486
13607,盟固利,301487
13608,豪恩汽电,301488
13609,思泉新材,301489
13610,乖宝宠物,301498
13611,维科精密,301499
13612,飞南资源,301500
13613,华阳智能,301502
13614,智迪科技,301503
13615,苏州规划,301505
13616,民生健康,301507
13617,中机认检,301508
13618,金凯生科,301509
13619,固高科技,301510
13620,德福科技,301511
13621,智信精密,301512
13622,港通医疗,301515
13623,中远通,301516
13624,陕西华达,301517
13625,长华化学,301518
13626,舜禹股份,301519
13627,万邦医药,301520
13628,儒竞科技,301525
13629,国际复材,301526
13630,多浦乐,301528
13631,福赛科技,301529
13632,威马农机,301533
13633,星宸科技,301536
13634,骏鼎达,301538
13635,崇德科技,301548
13636,斯菱股份,301550
13637,惠柏新材,301555
13638,三态股份,301558
13639,中集环科,301559
13640,达利凯普,301566
13641,贝隆精密,301567
13642,思泰克,301568
13643,美信科技,301577
13644,辰奕智能,301578
13645,美新科技,301588
13646,诺瓦星云,301589
13647,肯特股份,301591
13648,星昊医药,430017
13649,诺思兰德,430047
13650,同辉信息,430090
13651,华岭股份,430139
13652,微创光电,430198
13653,辰光医疗,430300
13654,苏轴股份,430418
13655,乐创技术,430425
13656,海能技术,430476
13657,峆一药业,430478
13658,佳先股份,430489
13659,丰光精密,430510
13660,雅达股份,430556
13661,天润科技,430564
13662,新芝生物,430685
13663,合肥高科,430718
13664,浦发银行,600000
13665,白云机场,600004
13666,东风汽车,600006
13667,中国国贸,600007
13668,首创环保,600008
13669,上海机场,600009
13670,包钢股份,600010
13671,华能国际,600011
13672,皖通高速,600012
13673,华夏银行,600015
13674,民生银行,600016
13675,日照港,600017
13676,上港集团,600018
13677,宝钢股份,600019
13678,中原高速,600020
13679,上海电力,600021
13680,山东钢铁,600022
13681,浙能电力,600023
13682,华能水电,600025
13683,中远海能,600026
13684,华电国际,600027
13685,中国石化,600028
13686,南方航空,600029
13687,中信证券,600030
13688,三一重工,600031
13689,浙江新能,600032
13690,"",600033
13691,楚天高速,600035
13692,招商银行,600036
13693,歌华有线,600037
13694,中直股份,600038
13695,四川路桥,600039
13696,保利发展,600048
13697,中国联通,600050
13698,宁波联合,600051
13699,东望时代,600052
13700,九鼎投资,600053
13701,黄山旅游,600054
13702,万东医疗,600055
13703,中国医药,600056
13704,厦门象屿,600057
13705,五矿发展,600058
13706,古越龙山,600059
13707,海信视像,600060
13708,国投资本,600061
13709,华润双鹤,600062
13710,皖维高新,600063
13711,南京高科,600064
13712,宇通客车,600066
13713,冠城大通,600067
13714,ST富润,600070
13715,凤凰光学,600071
13716,中船科技,600072
13717,上海梅林,600073
13718,新疆天业,600075
13719,康欣新材,600076
13720,ST澄星,600078
13721,人福医药,600079
13722,金花股份,600080
13723,东风科技,600081
13724,海泰发展,600082
13725,博信股份,600083
13726,中信尼雅,600084
13727,同仁堂,600085
13728,中视传媒,600088
13729,特变电工,600089
13730,大名城,600094
13731,湘财股份,600095
13732,云天化,600096
13733,开创国际,600097
13734,广州发展,600098
13735,林海股份,600099
13736,同方股份,600100
13737,明星电力,600101
13738,青山纸业,600103
13739,上汽集团,600104
13740,永鼎股份,600105
13741,重庆路桥,600106
13742,美尔雅,600107
13743,亚盛集团,600108
13744,国金证券,600109
13745,诺德股份,600110
13746,北方稀土,600111
13747,ST天成,600112
13748,浙江东日,600113
13749,东睦股份,600114
13750,中国东航,600115
13751,三峡水利,600116
13752,*ST西钢,600117
13753,"",600118
13754,长江投资,600119
13755,浙江东方,600120
13756,郑州煤电,600121
13757,兰花科创,600123
13758,铁龙物流,600125
13759,杭钢股份,600126
13760,金健米业,600127
13761,苏豪弘业,600128
13762,太极集团,600129
13763,"",600130
13764,国网信通,600131
13765,重庆啤酒,600132
13766,东湖高新,600133
13767,乐凯胶片,600135
13768,*ST明诚,600136
13769,浪莎股份,600137
13770,中青旅,600138
13771,兴发集团,600141
13772,金发科技,600143
13773,长春一东,600148
13774,廊坊发展,600149
13775,中国船舶,600150
13776,航天机电,600151
13777,维科技术,600152
13778,建发股份,600153
13779,华创云信,600155
13780,华升股份,600156
13781,永泰能源,600157
13782,中体产业,600158
13783,大龙地产,600159
13784,巨化股份,600160
13785,天坛生物,600161
13786,香江控股,600162
13787,中闽能源,600163
13788,ST宁科,600165
13789,福田汽车,600166
13790,联美控股,600167
13791,武汉控股,600168
13792,太原重工,600169
13793,上海建工,600170
13794,上海贝岭,600171
13795,黄河旋风,600172
13796,卧龙地产,600173
13797,中国巨石,600176
13798,雅戈尔,600177
13799,东安动力,600178
13800,安通控股,600179
13801,瑞茂通,600180
13802,S佳通,600182
13803,生益科技,600183
13804,光电股份,600184
13805,格力地产,600185
13806,莲花健康,600186
13807,国中水务,600187
13808,兖矿能源,600188
13809,泉阳泉,600189
13810,锦州港,600190
13811,华资实业,600191
13812,长城电工,600192
13813,创兴资源,600193
13814,中牧股份,600195
13815,复星医药,600196
13816,伊力特,600197
13817,大唐电信,600198
13818,金种子酒,600199
13819,江苏吴中,600200
13820,生物股份,600201
13821,哈空调,600202
13822,福日电子,600203
13823,有研新材,600206
13824,安彩高科,600207
13825,新湖中宝,600208
13826,紫江企业,600210
13827,西藏药业,600211
13828,绿能慧充,600212
13829,亚星客车,600213
13830,派斯林,600215
13831,浙江医药,600216
13832,中再资环,600217
13833,全柴动力,600218
13834,南山铝业,600219
13835,江苏阳光,600220
13836,海航控股,600221
13837,太龙药业,600222
13838,福瑞达,600223
13839,卓朗科技,600225
13840,瀚叶股份,600226
13841,赤天化,600227
13842,返利科技,600228
13843,城市传媒,600229
13844,沧州大化,600230
13845,凌钢股份,600231
13846,金鹰股份,600232
13847,圆通速递,600233
13848,科新发展,600234
13849,民丰特纸,600235
13850,桂冠电力,600236
13851,铜峰电子,600237
13852,海南椰岛,600238
13853,云南城投,600239
13854,时代万恒,600241
13855,青海华鼎,600243
13856,万通发展,600246
13857,陕建股份,600248
13858,两面针,600249
13859,南京商旅,600250
13860,冠农股份,600251
13861,中恒集团,600252
13862,鑫科材料,600255
13863,广汇能源,600256
13864,大湖股份,600257
13865,首旅酒店,600258
13866,广晟有色,600259
13867,阳光照明,600261
13868,北方股份,600262
13869,ST景谷,600265
13870,城建发展,600266
13871,海正药业,600267
13872,国电南自,600268
13873,赣粤高速,600269
13874,航天信息,600271
13875,开开实业,600272
13876,嘉化能源,600273
13877,恒瑞医药,600276
13878,亿利洁能,600277
13879,东方创业,600278
13880,重庆港,600279
13881,中央商场,600280
13882,华阳新材,600281
13883,南钢股份,600282
13884,钱江水利,600283
13885,浦东建设,600284
13886,羚锐制药,600285
13887,江苏舜天,600287
13888,大恒科技,600288
13889,ST信通,600289
13890,远达环保,600292
13891,三峡新材,600293
13892,鄂尔多斯,600295
13893,广汇汽车,600297
13894,安琪酵母,600298
13895,安迪苏,600299
13896,维维股份,600300
13897,华锡有色,600301
13898,标准股份,600302
13899,ST曙光,600303
13900,恒顺醋业,600305
13901,*ST商城,600306
13902,酒钢宏兴,600307
13903,华泰股份,600308
13904,万华化学,600309
13905,广西能源,600310
13906,平高电气,600312
13907,农发种业,600313
13908,上海家化,600315
13909,洪都航空,600316
13910,新力金融,600318
13911,亚星化学,600319
13912,振华重工,600320
13913,正源股份,600321
13914,津投城开,600322
13915,瀚蓝环境,600323
13916,华发股份,600325
13917,西藏天路,600326
13918,大东方,600327
13919,中盐化工,600328
13920,达仁堂,600329
13921,天通股份,600330
13922,宏达股份,600331
13923,白云山,600332
13924,长春燃气,600333
13925,国机汽车,600335
13926,澳柯玛,600336
13927,美克家居,600337
13928,西藏珠峰,600338
13929,中油工程,600339
13930,华夏幸福,600340
13931,航天动力,600343
13932,长江通信,600345
13933,恒力石化,600346
13934,华阳股份,600348
13935,山东高速,600350
13936,亚宝药业,600351
13937,浙江龙盛,600352
13938,旭光电子,600353
13939,敦煌种业,600354
13940,精伦电子,600355
13941,恒丰纸业,600356
13942,国旅联合,600358
13943,新农开发,600359
13944,华微电子,600360
13945,创新新材,600361
13946,江西铜业,600362
13947,联创光电,600363
13948,ST通葡,600365
13949,宁波韵升,600366
13950,红星发展,600367
13951,五洲交通,600368
13952,西南证券,600369
13953,三房巷,600370
13954,万向德农,600371
13955,中航机载,600372
13956,中文传媒,600373
13957,*ST汉马,600375
13958,首开股份,600376
13959,宁沪高速,600377
13960,昊华科技,600378
13961,宝光股份,600379
13962,健康元,600380
13963,青海春天,600381
13964,广东明珠,600382
13965,金地集团,600383
13966,北巴传媒,600386
13967,ST海越,600387
13968,龙净环保,600388
13969,江山股份,600389
13970,五矿资本,600390
13971,航发科技,600391
13972,盛和资源,600392
13973,盘江股份,600395
13974,*ST金山,600396
13975,安源煤业,600397
13976,海澜之家,600398
13977,抚顺特钢,600399
13978,红豆股份,600400
13979,大有能源,600403
13980,动力源,600405
13981,国电南瑞,600406
13982,安泰集团,600408
13983,三友化工,600409
13984,华胜天成,600410
13985,小商品城,600415
13986,湘电股份,600416
13987,江淮汽车,600418
13988,天润乳业,600419
13989,国药现代,600420
13990,华嵘控股,600421
13991,昆药集团,600422
13992,柳化股份,600423
13993,青松建化,600425
13994,华鲁恒升,600426
13995,中远海特,600428
13996,三元股份,600429
13997,冠豪高新,600433
13998,北方导航,600435
13999,片仔癀,600436
14000,通威股份,600438
14001,瑞贝卡,600439
14002,国机通用,600444
14003,金证股份,600446
14004,华纺股份,600448
14005,宁夏建材,600449
14006,涪陵电力,600452
14007,博通股份,600455
14008,宝钛股份,600456
14009,时代新材,600458
14010,贵研铂业,600459
14011,士兰微,600460
14012,洪城环境,600461
14013,ST九有,600462
14014,空港股份,600463
14015,好当家,600467
14016,百利电气,600468
14017,风神股份,600469
14018,六国化工,600470
14019,华光环能,600475
14020,湘邮科技,600476
14021,杭萧钢构,600477
14022,科力远,600478
14023,千金药业,600479
14024,凌云股份,600480
14025,双良节能,600481
14026,中国动力,600482
14027,福能股份,600483
14028,扬农化工,600486
14029,亨通光电,600487
14030,津药药业,600488
14031,中金黄金,600489
14032,鹏欣资源,600490
14033,龙元建设,600491
14034,凤竹纺织,600493
14035,晋西车轴,600495
14036,精工钢构,600496
14037,驰宏锌锗,600497
14038,烽火通信,600498
14039,科达制造,600499
14040,中化国际,600500
14041,航天晨光,600501
14042,安徽建工,600502
14043,华丽家族,600503
14044,西昌电力,600505
14045,统一股份,600506
14046,方大特钢,600507
14047,上海能源,600508
14048,天富能源,600509
14049,黑牡丹,600510
14050,国药股份,600511
14051,腾达建设,600512
14052,联环药业,600513
14053,海南机场,600515
14054,方大炭素,600516
14055,国网英大,600517
14056,ST康美,600518
14057,贵州茅台,600519
14058,文一科技,600520
14059,华海药业,600521
14060,中天科技,600522
14061,贵航股份,600523
14062,长园集团,600525
14063,菲达环保,600526
14064,江南高纤,600527
14065,中铁工业,600528
14066,山东药玻,600529
14067,ST交昂,600530
14068,豫光金铅,600531
14069,栖霞建设,600533
14070,天士力,600535
14071,中国软件,600536
14072,亿晶光电,600537
14073,国发股份,600538
14074,狮头股份,600539
14075,新赛股份,600540
14076,*ST莫高,600543
14077,卓郎智能,600545
14078,山煤国际,600546
14079,山东黄金,600547
14080,深高速,600548
14081,厦门钨业,600549
14082,保变电气,600550
14083,时代出版,600551
14084,凯盛科技,600552
14085,天下秀,600556
14086,康缘药业,600557
14087,大西洋,600558
14088,老白干酒,600559
14089,金自天正,600560
14090,江西长运,600561
14091,国睿科技,600562
14092,法拉电子,600563
14093,迪马股份,600565
14094,济川药业,600566
14095,山鹰国际,600567
14096,ST中珠,600568
14097,安阳钢铁,600569
14098,恒生电子,600570
14099,信雅达,600571
14100,康恩贝,600572
14101,惠泉啤酒,600573
14102,淮河能源,600575
14103,祥源文旅,600576
14104,精达股份,600577
14105,京能电力,600578
14106,克劳斯,600579
14107,卧龙电驱,600580
14108,八一钢铁,600581
14109,天地科技,600582
14110,海油工程,600583
14111,长电科技,600584
14112,海螺水泥,600585
14113,金晶科技,600586
14114,新华医疗,600587
14115,用友网络,600588
14116,*ST榕泰,600589
14117,泰豪科技,600590
14118,龙溪股份,600592
14119,大连圣亚,600593
14120,益佰制药,600594
14121,中孚实业,600595
14122,新安股份,600596
14123,光明乳业,600597
14124,北大荒,600598
14125,ST熊猫,600599
14126,青岛啤酒,600600
14127,方正科技,600601
14128,云赛智联,600602
14129,广汇物流,600603
14130,市北高新,600604
14131,汇通能源,600605
14132,绿地控股,600606
14133,ST沪科,600608
14134,金杯汽车,600609
14135,中毅达,600610
14136,大众交通,600611
14137,老凤祥,600612
14138,神奇制药,600613
14139,丰华股份,600615
14140,金枫酒业,600616
14141,国新能源,600617
14142,氯碱化工,600618
14143,"",600619
14144,天宸股份,600620
14145,华鑫股份,600621
14146,光大嘉宝,600622
14147,华谊集团,600623
14148,复旦复华,600624
14149,申达股份,600626
14150,新世界,600628
14151,华建集团,600629
14152,龙头股份,600630
14153,浙数文化,600633
14154,大众公用,600635
14155,国新文化,600636
14156,东方明珠,600637
14157,新黄浦,600638
14158,浦东金桥,600639
14159,国脉文化,600640
14160,万业企业,600641
14161,申能股份,600642
14162,爱建集团,600643
14163,乐山电力,600644
14164,中源协和,600645
14165,*ST同达,600647
14166,外高桥,600648
14167,城投控股,600649
14168,锦江在线,600650
14169,飞乐音响,600651
14170,申华控股,600653
14171,ST中安,600654
14172,豫园股份,600655
14173,信达地产,600657
14174,电子城,600658
14175,福耀玻璃,600660
14176,昂立教育,600661
14177,外服控股,600662
14178,陆家嘴,600663
14179,哈药股份,600664
14180,天地源,600665
14181,ST瑞德,600666
14182,太极实业,600667
14183,尖峰集团,600668
14184,*ST目药,600671
14185,东阳光,600673
14186,川投能源,600674
14187,中华企业,600675
14188,交运股份,600676
14189,四川金顶,600678
14190,上海凤凰,600679
14191,百川能源,600681
14192,南京新百,600682
14193,京投发展,600683
14194,珠江股份,600684
14195,中船防务,600685
14196,金龙汽车,600686
14197,上海石化,600688
14198,上海三毛,600689
14199,海尔智家,600690
14200,阳煤化工,600691
14201,亚通股份,600692
14202,东百集团,600693
14203,大商股份,600694
14204,岩石股份,600696
14205,欧亚集团,600697
14206,湖南天雁,600698
14207,均胜电子,600699
14208,舍得酒业,600702
14209,三安光电,600703
14210,物产中大,600704
14211,中航产融,600705
14212,曲江文旅,600706
14213,彩虹股份,600707
14214,光明地产,600708
14215,苏美达,600710
14216,盛屯矿业,600711
14217,南宁百货,600712
14218,南京医药,600713
14219,金瑞矿业,600714
14220,文投控股,600715
14221,凤凰股份,600716
14222,天津港,600717
14223,东软集团,600718
14224,大连热电,600719
14225,中交设计,600720
14226,百花医药,600721
14227,金牛化工,600722
14228,宁波富达,600724
14229,云维股份,600725
14230,华电能源,600726
14231,鲁北化工,600727
14232,佳都科技,600728
14233,重庆百货,600729
14234,中国高科,600730
14235,湖南海利,600731
14236,爱旭股份,600732
14237,北汽蓝谷,600733
14238,ST实达,600734
14239,新华锦,600735
14240,"",600736
14241,中粮糖业,600737
14242,丽尚国潮,600738
14243,辽宁成大,600739
14244,山西焦化,600740
14245,华域汽车,600741
14246,一汽富维,600742
14247,华远地产,600743
14248,华银电力,600744
14249,闻泰科技,600745
14250,江苏索普,600746
14251,上实发展,600748
14252,西藏旅游,600749
14253,江中药业,600750
14254,海航科技,600751
14255,庚星股份,600753
14256,锦江酒店,600754
14257,厦门国贸,600755
14258,浪潮软件,600756
14259,长江传媒,600757
14260,辽宁能源,600758
14261,ST洲际,600759
14262,中航沈飞,600760
14263,安徽合力,600761
14264,通策医疗,600763
14265,中国海防,600764
14266,中航重机,600765
14267,*ST园城,600766
14268,宁波富邦,600768
14269,"",600769
14270,综艺股份,600770
14271,广誉远,600771
14272,西藏城投,600773
14273,汉商集团,600774
14274,南京熊猫,600775
14275,东方通信,600776
14276,新潮能源,600777
14277,友好集团,600778
14278,水井坊,600779
14279,通宝能源,600780
14280,新钢股份,600782
14281,鲁信创投,600783
14282,鲁银投资,600784
14283,新华百货,600785
14284,中储股份,600787
14285,鲁抗医药,600789
14286,轻纺城,600790
14287,京能置业,600791
14288,云煤能源,600792
14289,宜宾纸业,600793
14290,保税科技,600794
14291,国电电力,600795
14292,钱江生化,600796
14293,浙大网新,600797
14294,宁波海运,600798
14295,渤海化学,600800
14296,华新水泥,600801
14297,福建水泥,600802
14298,新奥股份,600803
14299,ST鹏博士,600804
14300,悦达投资,600805
14301,济南高新,600807
14302,马钢股份,600808
14303,山西汾酒,600809
14304,神马股份,600810
14305,东方集团,600811
14306,华北制药,600812
14307,杭州解百,600814
14308,厦工股份,600815
14309,建元信托,600816
14310,宇通重工,600817
14311,中路股份,600818
14312,耀皮玻璃,600819
14313,隧道股份,600820
14314,金开新能,600821
14315,上海物贸,600822
14316,ST世茂,600823
14317,益民集团,600824
14318,新华传媒,600825
14319,兰生股份,600826
14320,百联股份,600827
14321,茂业商业,600828
14322,人民同泰,600829
14323,香溢融通,600830
14324,广电网络,600831
14325,第一医药,600833
14326,申通地铁,600834
14327,上海机电,600835
14328,上海易连,600836
14329,海通证券,600837
14330,上海九百,600838
14331,四川长虹,600839
14332,动力新科,600841
14333,上工申贝,600843
14334,丹化科技,600844
14335,宝信软件,600845
14336,同济科技,600846
14337,万里股份,600847
14338,上海临港,600848
14339,电科数字,600850
14340,海欣股份,600851
14341,龙建股份,600853
14342,春兰股份,600854
14343,航天长峰,600855
14344,宁波中百,600857
14345,银座股份,600858
14346,王府井,600859
14347,京城股份,600860
14348,北京人力,600861
14349,中航高科,600862
14350,内蒙华电,600863
14351,哈投股份,600864
14352,百大集团,600865
14353,星湖科技,600866
14354,通化东宝,600867
14355,梅雁吉祥,600868
14356,远东股份,600869
14357,石化油服,600871
14358,中炬高新,600872
14359,梅花生物,600873
14360,创业环保,600874
14361,东方电气,600875
14362,凯盛新能,600876
14363,电科芯片,600877
14364,航天电子,600879
14365,博瑞传播,600880
14366,亚泰集团,600881
14367,妙可蓝多,600882
14368,博闻科技,600883
14369,杉杉股份,600884
14370,宏发股份,600885
14371,国投电力,600886
14372,伊利股份,600887
14373,新疆众和,600888
14374,南京化纤,600889
14375,大晟文化,600892
14376,航发动力,600893
14377,广日股份,600894
14378,张江高科,600895
14379,厦门空港,600897
14380,ST美讯,600898
14381,长江电力,600900
14382,江苏金租,600901
14383,贵州燃气,600903
14384,三峡能源,600905
14385,财达证券,600906
14386,无锡银行,600908
14387,华安证券,600909
14388,中国黄金,600916
14389,重庆燃气,600917
14390,中泰证券,600918
14391,江苏银行,600919
14392,苏能股份,600925
14393,杭州银行,600926
14394,永安期货,600927
14395,西安银行,600928
14396,雪天盐业,600929
14397,爱柯迪,600933
14398,华塑股份,600935
14399,广西广电,600936
14400,中国海油,600938
14401,重庆建工,600939
14402,中国移动,600941
14403,维远股份,600955
14404,新天绿能,600956
14405,东方证券,600958
14406,江苏有线,600959
14407,渤海汽车,600960
14408,株冶集团,600961
14409,国投中鲁,600962
14410,岳阳林纸,600963
14411,福成股份,600965
14412,博汇纸业,600966
14413,"",600967
14414,海油发展,600968
14415,郴电国际,600969
14416,中材国际,600970
14417,恒源煤电,600971
14418,宝胜股份,600973
14419,新五丰,600975
14420,健民集团,600976
14421,中国电影,600977
14422,广安爱众,600979
14423,北矿科技,600980
14424,汇鸿集团,600981
14425,宁波能源,600982
14426,惠而浦,600983
14427,建设机械,600984
14428,淮北矿业,600985
14429,浙文互联,600986
14430,航民股份,600987
14431,赤峰黄金,600988
14432,宝丰能源,600989
14433,四创电子,600990
14434,贵绳股份,600992
14435,"",600993
14436,南网储能,600995
14437,贵广网络,600996
14438,开滦股份,600997
14439,九州通,600998
14440,招商证券,600999
14441,唐山港,601000
14442,晋控煤业,601001
14443,晋亿实业,601002
14444,柳钢股份,601003
14445,重庆钢铁,601005
14446,大秦铁路,601006
14447,金陵饭店,601007
14448,连云港,601008
14449,南京银行,601009
14450,文峰股份,601010
14451,宝泰隆,601011
14452,隆基绿能,601012
14453,陕西黑猫,601015
14454,节能风电,601016
14455,宁波港,601018
14456,山东出版,601019
14457,华钰矿业,601020
14458,春秋航空,601021
14459,宁波远洋,601022
14460,玉龙股份,601028
14461,永兴股份,601033
14462,一拖股份,601038
14463,赛轮轮胎,601058
14464,信达证券,601059
14465,中信金属,601061
14466,江盐集团,601065
14467,中信建投,601066
14468,中铝国际,601068
14469,西部黄金,601069
14470,渝农商行,601077
14471,锦江航运,601083
14472,国芳集团,601086
14473,中国神华,601088
14474,福元医药,601089
14475,宏盛华源,601096
14476,中南传媒,601098
14477,太平洋,601099
14478,恒立液压,601100
14479,昊华能源,601101
14480,中国一重,601106
14481,四川成渝,601107
14482,财通证券,601108
14483,中国国航,601111
14484,华鼎股份,601113
14485,三江购物,601116
14486,中国化学,601117
14487,海南橡胶,601118
14488,宝地矿业,601121
14489,四方股份,601126
14490,赛力斯,601127
14491,常熟银行,601128
14492,柏诚股份,601133
14493,首创证券,601136
14494,博威合金,601137
14495,工业富联,601138
14496,深圳燃气,601139
14497,新城控股,601155
14498,东航物流,601156
14499,重庆水务,601158
14500,天风证券,601162
14501,三角轮胎,601163
14502,兴业银行,601166
14503,西部矿业,601168
14504,北京银行,601169
14505,杭齿前进,601177
14506,中国西电,601179
14507,中国铁建,601186
14508,厦门银行,601187
14509,龙江交通,601188
14510,东兴证券,601198
14511,江南水务,601199
14512,上海环境,601200
14513,东材科技,601208
14514,国泰君安,601211
14515,白银有色,601212
14516,君正集团,601216
14517,吉鑫科技,601218
14518,林洋能源,601222
14519,陕西煤业,601225
14520,华电重工,601226
14521,广州港,601228
14522,上海银行,601229
14523,环旭电子,601231
14524,桐昆股份,601233
14525,红塔证券,601236
14526,广汽集团,601238
14527,英利汽车,601279
14528,农业银行,601288
14529,青岛港,601298
14530,骆驼股份,601311
14531,中国平安,601318
14532,中国人保,601319
14533,秦港股份,601326
14534,交通银行,601328
14535,绿色动力,601330
14536,广深铁路,601333
14537,新华保险,601336
14538,百隆东方,601339
14539,三六零,601360
14540,利群股份,601366
14541,绿城水务,601368
14542,陕鼓动力,601369
14543,中原证券,601375
14544,兴业证券,601377
14545,怡球资源,601388
14546,中国中铁,601390
14547,工商银行,601398
14548,国机重装,601399
14549,国联证券,601456
14550,通用股份,601500
14551,中新集团,601512
14552,东峰集团,601515
14553,吉林高速,601518
14554,大智慧,601519
14555,瑞丰银行,601528
14556,东吴证券,601555
14557,九牧王,601566
14558,三星医疗,601567
14559,北元集团,601568
14560,长沙银行,601577
14561,会稽山,601579
14562,北辰实业,601588
14563,上海电影,601595
14564,中国外运,601598
14565,浙文影业,601599
14566,中国铝业,601600
14567,中国太保,601601
14568,长城军工,601606
14569,上海医药,601607
14570,中信重工,601608
14571,金田股份,601609
14572,中国核建,601611
14573,明阳智能,601615
14574,广电电气,601616
14575,中国中冶,601618
14576,嘉泽新能,601619
14577,中国人寿,601628
14578,长城汽车,601633
14579,旗滨集团,601636
14580,邮储银行,601658
14581,齐鲁银行,601665
14582,平煤股份,601666
14583,中国建筑,601668
14584,中国电建,601669
14585,明泰铝业,601677
14586,滨化股份,601678
14587,友发集团,601686
14588,华泰证券,601688
14589,拓普集团,601689
14590,中银证券,601696
14591,中国卫通,601698
14592,潞安环能,601699
14593,风范股份,601700
14594,华峰铝业,601702
14595,郑煤机,601717
14596,际华集团,601718
14597,上海电气,601727
14598,中国电信,601728
14599,中国中车,601766
14600,力帆科技,601777
14601,晶科科技,601778
14602,光大证券,601788
14603,宁波建工,601789
14604,蓝科高新,601798
14605,星宇股份,601799
14606,中国交建,601800
14607,皖新传媒,601801
14608,中海油服,601808
14609,新华文轩,601811
14610,京沪高铁,601816
14611,光大银行,601818
14612,沪农商行,601825
14613,三峰环境,601827
14614,美凯龙,601828
14615,成都银行,601838
14616,中国石油,601857
14617,中国科传,601858
14618,紫金银行,601860
14619,福莱特,601865
14620,中远海发,601866
14621,中国能建,601868
14622,长飞光纤,601869
14623,招商轮船,601872
14624,正泰电器,601877
14625,浙商证券,601878
14626,辽港股份,601880
14627,中国银河,601881
14628,海天精工,601882
14629,江河集团,601886
14630,中国中免,601888
14631,亚星锚链,601890
14632,中煤能源,601898
14633,紫金矿业,601899
14634,"",601900
14635,方正证券,601901
14636,京运通,601908
14637,浙商银行,601916
14638,新集能源,601918
14639,中远海控,601919
14640,浙版传媒,601921
14641,凤凰传媒,601928
14642,吉视传媒,601929
14643,永辉超市,601933
14644,建设银行,601939
14645,中国出版,601949
14646,苏垦农发,601952
14647,东贝集团,601956
14648,金钼股份,601958
14649,重庆银行,601963
14650,中国汽研,601965
14651,玲珑轮胎,601966
14652,宝钢包装,601968
14653,海南矿业,601969
14654,招商南油,601975
14655,中国核电,601985
14656,中国银行,601988
14657,中国重工,601989
14658,南京证券,601990
14659,大唐发电,601991
14660,金隅集团,601992
14661,中金公司,601995
14662,丰林集团,601996
14663,贵阳银行,601997
14664,中信银行,601998
14665,出版传媒,601999
14666,人民网,603000
14667,ST奥康,603001
14668,宏昌电子,603002
14669,龙宇股份,603003
14670,鼎龙科技,603004
14671,晶方科技,603005
14672,联明股份,603006
14673,ST花王,603007
14674,喜临门,603008
14675,北特科技,603009
14676,万盛股份,603010
14677,合锻智能,603011
14678,创力集团,603012
14679,亚普股份,603013
14680,弘讯科技,603015
14681,新宏泰,603016
14682,中衡设计,603017
14683,华设集团,603018
14684,中科曙光,603019
14685,爱普股份,603020
14686,山东华鹏,603021
14687,新通联,603022
14688,威帝股份,603023
14689,大豪科技,603025
14690,胜华新材,603026
14691,千禾味业,603027
14692,赛福天,603028
14693,天鹅股份,603029
14694,*ST全筑,603030
14695,安孚科技,603031
14696,德新科技,603032
14697,三维股份,603033
14698,常熟汽饰,603035
14699,如通股份,603036
14700,凯众股份,603037
14701,华立股份,603038
14702,泛微网络,603039
14703,新坐标,603040
14704,美思德,603041
14705,华脉科技,603042
14706,广州酒家,603043
14707,福达合金,603045
14708,浙江黎明,603048
14709,科林电气,603050
14710,鹿山新材,603051
14711,可川科技,603052
14712,成都燃气,603053
14713,台华新材,603055
14714,德邦股份,603056
14715,紫燕食品,603057
14716,永吉股份,603058
14717,倍加洁,603059
14718,国检集团,603060
14719,金海通,603061
14720,麦加芯彩,603062
14721,禾望电气,603063
14722,宿迁联盛,603065
14723,音飞储存,603066
14724,振华股份,603067
14725,博通集成,603068
14726,海汽集团,603069
14727,万控智造,603070
14728,物产环能,603071
14729,彩蝶实业,603073
14730,热威股份,603075
14731,乐惠国际,603076
14732,和邦生物,603077
14733,江化微,603078
14734,圣达生物,603079
14735,新疆火炬,603080
14736,大丰实业,603081
14737,北自科技,603082
14738,剑桥科技,603083
14739,天成自控,603085
14740,先达股份,603086
14741,甘李药业,603087
14742,宁波精达,603088
14743,正裕工业,603089
14744,宏盛股份,603090
14745,南华期货,603093
14746,越剑智能,603095
14747,新经典,603096
14748,江苏华辰,603097
14749,森特股份,603098
14750,长白山,603099
14751,川仪股份,603100
14752,汇嘉时代,603101
14753,百合股份,603102
14754,横店影视,603103
14755,芯能科技,603105
14756,恒银科技,603106
14757,上海汽配,603107
14758,润达医疗,603108
14759,神驰机电,603109
14760,东方材料,603110
14761,康尼机电,603111
14762,华翔股份,603112
14763,金能科技,603113
14764,海星股份,603115
14765,红蜻蜓,603116
14766,ST万林,603117
14767,共进股份,603118
14768,浙江荣泰,603119
14769,华培动力,603121
14770,合富中国,603122
14771,翠微股份,603123
14772,常青科技,603125
14773,中材节能,603126
14774,昭衍新药,603127
14775,华贸物流,603128
14776,春风动力,603129
14777,云中马,603130
14778,上海沪工,603131
14779,金徽股份,603132
14780,*ST碳元,603133
14781,中重科技,603135
14782,天目湖,603136
14783,恒尚节能,603137
14784,海量数据,603138
14785,康惠制药,603139
14786,万朗磁塑,603150
14787,"",603151
14788,上海建科,603153
14789,新亚强,603155
14790,养元饮品,603156
14791,腾龙股份,603158
14792,上海亚虹,603159
14793,汇顶科技,603160
14794,科华控股,603161
14795,海通发展,603162
14796,圣晖集成,603163
14797,荣晟环保,603165
14798,福达股份,603166
14799,渤海轮渡,603167
14800,莎普爱思,603168
14801,兰石重装,603169
14802,宝立食品,603170
14803,税友股份,603171
14804,万丰股份,603172
14805,福斯达,603173
14806,汇通集团,603176
14807,德创环保,603177
14808,圣龙股份,603178
14809,新泉股份,603179
14810,金牌厨柜,603180
14811,皇马科技,603181
14812,嘉华股份,603182
14813,建研院,603183
14814,弘元绿能,603185
14815,华正新材,603186
14816,海容冷链,603187
14817,亚邦股份,603188
14818,网达软件,603189
14819,亚通精工,603190
14820,望变电气,603191
14821,汇得科技,603192
14822,润本股份,603193
14823,公牛集团,603195
14824,日播时尚,603196
14825,保隆科技,603197
14826,迎驾贡酒,603198
14827,九华旅游,603199
14828,上海洗霸,603200
14829,常润股份,603201
14830,快克智能,603203
14831,嘉环科技,603206
14832,江山欧派,603208
14833,兴通股份,603209
14834,晋拓股份,603211
14835,赛伍技术,603212
14836,镇洋发展,603213
14837,爱婴室,603214
14838,比依股份,603215
14839,梦天家居,603216
14840,元利科技,603217
14841,日月股份,603218
14842,富佳股份,603219
14843,中贝通信,603220
14844,爱丽家居,603221
14845,济民医疗,603222
14846,恒通股份,603223
14847,新凤鸣,603225
14848,菲林格尔,603226
14849,雪峰科技,603227
14850,景旺电子,603228
14851,奥翔药业,603229
14852,内蒙新华,603230
14853,索宝蛋白,603231
14854,格尔软件,603232
14855,大参林,603233
14856,天新药业,603235
14857,移远通信,603236
14858,五芳斋,603237
14859,诺邦股份,603238
14860,浙江仙通,603239
14861,鼎际得,603255
14862,宏和科技,603256
14863,电魂网络,603258
14864,药明康德,603259
14865,合盛硅业,603260
14866,立航科技,603261
14867,天龙股份,603266
14868,鸿远电子,603267
14869,松发股份,603268
14870,海鸥股份,603269
14871,金帝股份,603270
14872,联翔股份,603272
14873,天元智能,603273
14874,众辰科技,603275
14875,恒兴新材,603276
14876,银都股份,603277
14877,大业股份,603278
14878,景津装备,603279
14879,南方路机,603280
14880,江瀚新材,603281
14881,亚光股份,603282
14882,赛腾股份,603283
14883,日盈电子,603286
14884,海天味业,603288
14885,泰瑞机器,603289
14886,斯达半导,603290
14887,联合水务,603291
14888,华勤技术,603296
14889,永新光学,603297
14890,杭叉集团,603298
14891,苏盐井神,603299
14892,华铁应急,603300
14893,振德医疗,603301
14894,得邦照明,603303
14895,旭升集团,603305
14896,华懋科技,603306
14897,扬州金泉,603307
14898,应流股份,603308
14899,维力医疗,603309
14900,金海高科,603311
14901,西典新能,603312
14902,梦百合,603313
14903,福鞍股份,603315
14904,诚邦股份,603316
14905,天味食品,603317
14906,水发燃气,603318
14907,湘油泵,603319
14908,迪贝电气,603320
14909,梅轮电梯,603321
14910,超讯通信,603322
14911,苏农银行,603323
14912,盛剑环境,603324
14913,博隆技术,603325
14914,我乐家居,603326
14915,福蓉科技,603327
14916,依顿电子,603328
14917,上海雅仕,603329
14918,天洋新材,603330
14919,百达精工,603331
14920,苏州龙杰,603332
14921,尚纬股份,603333
14922,迪生力,603335
14923,宏辉果蔬,603336
14924,杰克股份,603337
14925,浙江鼎力,603338
14926,四方科技,603339
14927,龙旗科技,603341
14928,星德胜,603344
14929,安井食品,603345
14930,文灿股份,603348
14931,威尔药业,603351
14932,和顺石油,603353
14933,莱克电气,603355
14934,华菱精工,603356
14935,设计总院,603357
14936,华达科技,603358
14937,东珠生态,603359
14938,百傲化学,603360
14939,傲农生物,603363
14940,水星家纺,603365
14941,日出东方,603366
14942,辰欣药业,603367
14943,柳药集团,603368
14944,今世缘,603369
14945,安邦护卫,603373
14946,盛景微,603375
14947,东方时尚,603377
14948,亚士创能,603378
14949,三美股份,603379
14950,易德龙,603380
14951,顶点软件,603383
14952,惠达卫浴,603385
14953,骏亚科技,603386
14954,基蛋生物,603387
14955,元成股份,603388
14956,亚振家居,603389
14957,通达电气,603390
14958,万泰生物,603392
14959,新天然气,603393
14960,金辰股份,603396
14961,沐邦高科,603398
14962,吉翔股份,603399
14963,建霖家居,603408
14964,信捷电气,603416
14965,鼎信通讯,603421
14966,集友股份,603429
14967,贵州三力,603439
14968,吉比特,603444
14969,九洲药业,603456
14970,勘设股份,603458
14971,风语筑,603466
14972,巨星农牧,603477
14973,科沃斯,603486
14974,展鹏科技,603488
14975,八方股份,603489
14976,恒为科技,603496
14977,翔港科技,603499
14978,祥和实业,603500
14979,韦尔股份,603501
14980,金石资源,603505
14981,南都物业,603506
14982,振江股份,603507
14983,思维列控,603508
14984,爱慕股份,603511
14985,欧普照明,603515
14986,淳中科技,603516
14987,绝味食品,603517
14988,锦泓集团,603518
14989,立霸股份,603519
14990,司太立,603520
14991,众源新材,603527
14992,多伦科技,603528
14993,爱玛科技,603529
14994,神马电力,603530
14995,掌阅科技,603533
14996,嘉诚国际,603535
14997,惠发食品,603536
14998,美诺华,603538
14999,奥普家居,603551
15000,海兴电力,603556
15001,ST起步,603557
15002,健盛集团,603558
15003,ST通脉,603559
15004,中谷物流,603565
15005,普莱柯,603566
15006,珍宝岛,603567
15007,伟明环保,603568
15008,长久物流,603569
15009,汇金通,603577
15010,三星新材,603578
15011,荣泰健康,603579
15012,艾艾精工,603580
15013,捷昌驱动,603583
15014,苏利股份,603585
15015,金麒麟,603586
15016,地素时尚,603587
15017,高能环境,603588
15018,口子窖,603589
15019,康辰药业,603590
15020,东尼电子,603595
15021,伯特利,603596
15022,引力传媒,603598
15023,广信股份,603599
15024,永艺股份,603600
15025,再升科技,603601
15026,纵横通信,603602
15027,退市博天,603603
15028,珀莱雅,603605
15029,东方电缆,603606
15030,京华激光,603607
15031,天创时尚,603608
15032,禾丰股份,603609
15033,麒盛科技,603610
15034,"",603611
15035,索通发展,603612
15036,国联股份,603613
15037,茶花股份,603615
15038,韩建河山,603616
15039,君禾股份,603617
15040,杭电股份,603618
15041,中曼石油,603619
15042,科森科技,603626
15043,清源股份,603628
15044,利通电子,603629
15045,拉芳家化,603630
15046,徕木股份,603633
15047,南威软件,603636
15048,镇海股份,603637
15049,艾迪精密,603638
15050,海利尔,603639
15051,畅联股份,603648
15052,彤程新材,603650
15053,朗博科技,603655
15054,泰禾智能,603656
15055,春光科技,603657
15056,安图生物,603658
15057,璞泰来,603659
15058,苏州科达,603660
15059,恒林股份,603661
15060,柯力传感,603662
15061,三祥新材,603663
15062,康隆达,603665
15063,亿嘉和,603666
15064,五洲新春,603667
15065,天马科技,603668
15066,灵康药业,603669
15067,卫信康,603676
15068,奇精机械,603677
15069,火炬电子,603678
15070,华体科技,603679
15071,今创集团,603680
15072,永冠新材,603681
15073,锦和商管,603682
15074,晶华新材,603683
15075,晨丰科技,603685
15076,福龙马,603686
15077,大胜达,603687
15078,石英股份,603688
15079,皖天然气,603689
15080,至纯科技,603690
15081,江苏新能,603693
15082,安记食品,603696
15083,有友食品,603697
15084,航天工程,603698
15085,纽威股份,603699
15086,宁水集团,603700
15087,德宏股份,603701
15088,盛洋科技,603703
15089,东方环宇,603706
15090,健友股份,603707
15091,家家悦,603708
15092,中源家居,603709
15093,香飘飘,603711
15094,七一二,603712
15095,密尔克卫,603713
15096,塞力医疗,603716
15097,天域生态,603717
15098,海利生物,603718
15099,良品铺子,603719
15100,中广天择,603721
15101,阿科力,603722
15102,天安新材,603725
15103,朗迪集团,603726
15104,博迈科,603727
15105,鸣志电器,603728
15106,龙韵股份,603729
15107,岱美股份,603730
15108,仙鹤股份,603733
15109,三棵树,603737
15110,泰晶科技,603738
15111,蔚蓝生物,603739
15112,日辰股份,603755
15113,大元泵业,603757
15114,秦安股份,603758
15115,海天股份,603759
15116,隆鑫通用,603766
15117,中马传动,603767
15118,常青股份,603768
15119,沃格光电,603773
15120,永安行,603776
15121,来伊份,603777
15122,国晟科技,603778
15123,威龙股份,603779
15124,科博达,603786
15125,新日股份,603787
15126,宁波高发,603788
15127,星光农机,603789
15128,雅运股份,603790
15129,联泰环保,603797
15130,康普顿,603798
15131,华友钴业,603799
15132,道森股份,603800
15133,志邦家居,603801
15134,瑞斯康达,603803
15135,福斯特,603806
15136,歌力思,603808
15137,豪能股份,603809
15138,丰山集团,603810
15139,诚意药业,603811
15140,原尚股份,603813
15141,交建股份,603815
15142,顾家家居,603816
15143,海峡环保,603817
15144,曲美家居,603818
15145,神力股份,603819
15146,嘉澳环保,603822
15147,百合花,603823
15148,华扬联众,603825
15149,坤彩科技,603826
15150,柯利达,603828
15151,洛凯股份,603829
15152,欧派家居,603833
15153,海程邦达,603836
15154,四通股份,603838
15155,安正时尚,603839
15156,正平股份,603843
15157,好太太,603848
15158,华荣股份,603855
15159,东宏股份,603856
15160,步长制药,603858
15161,能科科技,603859
15162,中公高科,603860
15163,白云电器,603861
15164,松炀资源,603863
15165,桃李面包,603866
15166,新化股份,603867
15167,飞科电器,603868
15168,新智认知,603869
15169,嘉友国际,603871
15170,鼎胜新材,603876
15171,太平鸟,603877
15172,武进不锈,603878
15173,永悦科技,603879
15174,ST南卫,603880
15175,数据港,603881
15176,金域医学,603882
15177,老百姓,603883
15178,吉祥航空,603885
15179,元祖股份,603886
15180,城地香江,603887
15181,新华网,603888
15182,新澳股份,603889
15183,春秋电子,603890
15184,瑞芯微,603893
15185,天永智能,603895
15186,寿仙谷,603896
15187,长城科技,603897
15188,好莱客,603898
15189,晨光股份,603899
15190,莱绅通灵,603900
15191,永创智能,603901
15192,中持股份,603903
15193,龙蟠科技,603906
15194,牧高笛,603908
15195,建发合诚,603909
15196,佳力图,603912
15197,国茂股份,603915
15198,苏博特,603916
15199,合力科技,603917
15200,金桥信息,603918
15201,金徽酒,603919
15202,世运电路,603920
15203,金鸿顺,603922
15204,铁流股份,603926
15205,中科软,603927
15206,兴业股份,603928
15207,亚翔集成,603929
15208,格林达,603931
15209,睿能科技,603933
15210,博敏电子,603936
15211,丽岛新材,603937
15212,三孚股份,603938
15213,益丰药房,603939
15214,建业股份,603948
15215,雪龙集团,603949
15216,长源东谷,603950
15217,大千生态,603955
15218,威派格,603956
15219,哈森股份,603958
15220,百利科技,603959
15221,克来机电,603960
15222,大理药业,603963
15223,法兰泰克,603966
15224,中创物流,603967
15225,醋化股份,603968
15226,银龙股份,603969
15227,中农立华,603970
15228,正川股份,603976
15229,国泰集团,603977
15230,深圳新星,603978
15231,金诚信,603979
15232,吉华集团,603980
15233,泉峰汽车,603982
15234,丸美股份,603983
15235,恒润股份,603985
15236,兆易创新,603986
15237,康德莱,603987
15238,中电电机,603988
15239,艾华集团,603989
15240,麦迪科技,603990
15241,至正股份,603991
15242,松霖科技,603992
15243,洛阳钼业,603993
15244,甬金股份,603995
15245,继峰股份,603997
15246,方盛制药,603998
15247,读者传媒,603999
15248,威奥股份,605001
15249,众望布艺,605003
15250,合兴股份,605005
15251,山东玻纤,605006
15252,五洲特纸,605007
15253,长鸿高科,605008
15254,豪悦护理,605009
15255,杭州热电,605011
15256,百龙创园,605016
15257,长华集团,605018
15258,永和股份,605020
15259,世茂能源,605028
15260,美邦股份,605033
15261,福然德,605050
15262,迎丰股份,605055
15263,咸亨国际,605056
15264,澳弘电子,605058
15265,联德股份,605060
15266,天正电气,605066
15267,明新旭腾,605068
15268,正和生态,605069
15269,华康股份,605077
15270,浙江自然,605080
15271,太和水,605081
15272,龙高股份,605086
15273,冠盛股份,605088
15274,味知香,605089
15275,九丰能源,605090
15276,行动教育,605098
15277,共创草坪,605099
15278,华丰股份,605100
15279,同庆楼,605108
15280,新洁能,605111
15281,奥锐特,605116
15282,德业股份,605117
15283,力鼎光电,605118
15284,四方新材,605122
15285,派克新材,605123
15286,上海沿浦,605128
15287,嵘泰股份,605133
15288,丽人丽妆,605136
15289,盛泰集团,605138
15290,西上海,605151
15291,西大门,605155
15292,华达新材,605158
15293,新中港,605162
15294,聚合顺,605166
15295,利柏特,605167
15296,三人行,605168
15297,洪通燃气,605169
15298,东亚药业,605177
15299,时空科技,605178
15300,一鸣食品,605179
15301,华生科技,605180
15302,确成股份,605183
15303,健麾信息,605186
15304,国光连锁,605188
15305,富春染织,605189
15306,华通线缆,605196
15307,安德利,605198
15308,葫芦娃,605199
15309,永茂泰,605208
15310,伟时电子,605218
15311,起帆电缆,605222
15312,神通科技,605228
15313,天普股份,605255
15314,协和电子,605258
15315,绿田机械,605259
15316,健之佳,605266
15317,王力安防,605268
15318,新亚电子,605277
15319,同力日升,605286
15320,德才股份,605287
15321,凯迪股份,605288
15322,罗曼股份,605289
15323,神农集团,605296
15324,必得科技,605298
15325,舒华体育,605299
15326,佳禾食品,605300
15327,园林股份,605303
15328,中际联合,605305
15329,法狮龙,605318
15330,无锡振华,605319
15331,沪光股份,605333
15332,帅丰电器,605336
15333,李子园,605337
15334,巴比食品,605338
15335,南侨食品,605339
15336,立昂微,605358
15337,立达信,605365
15338,宏柏新材,605366
15339,蓝天燃气,605368
15340,拱东医疗,605369
15341,博迁新材,605376
15342,华旺科技,605377
15343,野马电池,605378
15344,均瑶健康,605388
15345,长龄液压,605389
15346,新炬网络,605398
15347,晨光新材,605399
15348,福莱新材,605488
15349,东鹏饮料,605499
15350,森林包装,605500
15351,国邦医药,605507
15352,德昌股份,605555
15353,福莱蒽特,605566
15354,春雪食品,605567
15355,龙版传媒,605577
15356,恒盛能源,605580
15357,冠石科技,605588
15358,圣泉集团,605589
15359,上海港湾,605598
15360,菜百股份,605599
15361,华兴源创,688001
15362,睿创微纳,688002
15363,天准科技,688003
15364,博汇科技,688004
15365,容百科技,688005
15366,杭可科技,688006
15367,光峰科技,688007
15368,澜起科技,688008
15369,中国通号,688009
15370,福光股份,688010
15371,新光光电,688011
15372,中微公司,688012
15373,天臣医疗,688013
15374,交控科技,688015
15375,心脉医疗,688016
15376,绿的谐波,688017
15377,乐鑫科技,688018
15378,安集科技,688019
15379,方邦股份,688020
15380,奥福环保,688021
15381,瀚川智能,688022
15382,安恒信息,688023
15383,杰普特,688025
15384,洁特生物,688026
15385,国盾量子,688027
15386,沃尔德,688028
15387,南微医学,688029
15388,山石网科,688030
15389,星环科技,688031
15390,禾迈股份,688032
15391,天宜上佳,688033
15392,德邦科技,688035
15393,传音控股,688036
15394,芯源微,688037
15395,中科通达,688038
15396,当虹科技,688039
15397,海光信息,688041
15398,必易微,688045
15399,药康生物,688046
15400,龙芯中科,688047
15401,长光华芯,688048
15402,炬芯科技,688049
15403,爱博医疗,688050
15404,佳华科技,688051
15405,纳芯微,688052
15406,思科瑞,688053
15407,龙腾光电,688055
15408,莱伯泰科,688056
15409,金达莱,688057
15410,宝兰德,688058
15411,华锐精密,688059
15412,云涌科技,688060
15413,灿瑞科技,688061
15414,迈威生物,688062
15415,派能科技,688063
15416,凯赛生物,688065
15417,航天宏图,688066
15418,爱威科技,688067
15419,热景生物,688068
15420,德林海,688069
15421,纵横股份,688070
15422,华依科技,688071
15423,拓荆科技,688072
15424,毕得医药,688073
15425,安旭生物,688075
15426,诺泰生物,688076
15427,大地熊,688077
15428,龙软科技,688078
15429,美迪凯,688079
15430,映翰通,688080
15431,兴图新科,688081
15432,盛美上海,688082
15433,中望软件,688083
15434,晶品特装,688084
15435,三友医疗,688085
15436,英科再生,688087
15437,虹软科技,688088
15438,嘉必优,688089
15439,瑞松科技,688090
15440,上海谊众,688091
15441,爱科科技,688092
15442,世华科技,688093
15443,福昕软件,688095
15444,京源环保,688096
15445,博众精工,688097
15446,申联生物,688098
15447,晶晨股份,688099
15448,威胜信息,688100
15449,三达膜,688101
15450,斯瑞新材,688102
15451,国力股份,688103
15452,诺唯赞,688105
15453,金宏气体,688106
15454,安路科技,688107
15455,赛诺医疗,688108
15456,品茗科技,688109
15457,东芯股份,688110
15458,金山办公,688111
15459,鼎阳科技,688112
15460,联测科技,688113
15461,华大智造,688114
15462,思林杰,688115
15463,天奈科技,688116
15464,圣诺生物,688117
15465,普元信息,688118
15466,中钢洛耐,688119
15467,华海清科,688120
15468,卓然股份,688121
15469,西部超导,688122
15470,聚辰股份,688123
15471,安达智能,688125
15472,沪硅产业,688126
15473,蓝特光学,688127
15474,中国电研,688128
15475,东来技术,688129
15476,晶华微,688130
15477,皓元医药,688131
15478,邦彦技术,688132
15479,泰坦科技,688133
15480,利扬芯片,688135
15481,科兴制药,688136
15482,近岸蛋白,688137
15483,清溢光电,688138
15484,海尔生物,688139
15485,杰华特,688141
15486,长盈通,688143
15487,中船特气,688146
15488,微导纳米,688147
15489,芳源股份,688148
15490,莱特光电,688150
15491,华强科技,688151
15492,麒麟信安,688152
15493,唯捷创芯,688153
15494,先惠技术,688155
15495,路德环境,688156
15496,松井股份,688157
15497,优刻得,688158
15498,有方科技,688159
15499,步科股份,688160
15500,威高骨科,688161
15501,巨一科技,688162
15502,赛伦生物,688163
15503,埃夫特,688165
15504,博瑞医药,688166
15505,炬光科技,688167
15506,安博通,688168
15507,石头科技,688169
15508,德龙激光,688170
15509,纬德信息,688171
15510,燕东微,688172
15511,希荻微,688173
15512,高凌信息,688175
15513,亚虹医药,688176
15514,百奥泰,688177
15515,万德斯,688178
15516,阿拉丁,688179
15517,君实生物,688180
15518,八亿时空,688181
15519,灿勤科技,688182
15520,生益电子,688183
15521,帕瓦股份,688184
15522,康希诺,688185
15523,广大特材,688186
15524,时代电气,688187
15525,柏楚电子,688188
15526,南新制药,688189
15527,云路股份,688190
15528,智洋创新,688191
15529,迪哲医药,688192
15530,仁度生物,688193
15531,腾景科技,688195
15532,卓越新能,688196
15533,首药控股,688197
15534,佰仁医疗,688198
15535,久日新材,688199
15536,华峰测控,688200
15537,信安世纪,688201
15538,美迪西,688202
15539,海正生材,688203
15540,德科立,688205
15541,概伦电子,688206
15542,格灵深瞳,688207
15543,道通科技,688208
15544,英集芯,688209
15545,统联精密,688210
15546,中科微至,688211
15547,澳华内镜,688212
15548,思特威,688213
15549,瑞晟智能,688215
15550,气派科技,688216
15551,睿昂基因,688217
15552,江苏北人,688218
15553,会通股份,688219
15554,翱捷科技,688220
15555,前沿生物,688221
15556,成都先导,688222
15557,晶科能源,688223
15558,亚信安全,688225
15559,威腾电气,688226
15560,品高股份,688227
15561,开普云,688228
15562,博睿数据,688229
15563,芯导科技,688230
15564,隆达股份,688231
15565,新点软件,688232
15566,神工股份,688233
15567,天岳先进,688234
15568,百济神州,688235
15569,春立医疗,688236
15570,超卓航科,688237
15571,和元生物,688238
15572,航宇科技,688239
15573,永信至诚,688244
15574,嘉和美康,688246
15575,宣泰医药,688247
15576,南网科技,688248
15577,晶合集成,688249
15578,井松智能,688251
15579,天德钰,688252
15580,英诺特,688253
15581,凯尔达,688255
15582,寒武纪,688256
15583,新锐股份,688257
15584,卓易信息,688258
15585,创耀科技,688259
15586,昀冢科技,688260
15587,东微半导,688261
15588,国芯科技,688262
15589,南模生物,688265
15590,泽璟制药,688266
15591,中触媒,688267
15592,华特气体,688268
15593,凯立新材,688269
15594,臻镭科技,688270
15595,联影医疗,688271
15596,*ST富吉,688272
15597,麦澜德,688273
15598,万润新能,688275
15599,百克生物,688276
15600,天智航,688277
15601,特宝生物,688278
15602,峰岹科技,688279
15603,精进电动,688280
15604,华秦科技,688281
15605,理工导航,688282
15606,坤恒顺维,688283
15607,高铁电气,688285
15608,敏芯股份,688286
15609,观典防务,688287
15610,鸿泉物联,688288
15611,圣湘生物,688289
15612,景业智能,688290
15613,金橙子,688291
15614,浩瀚深度,688292
15615,奥浦迈,688293
15616,中复神鹰,688295
15617,和达科技,688296
15618,中无人机,688297
15619,东方生物,688298
15620,长阳科技,688299
15621,联瑞新材,688300
15622,奕瑞科技,688301
15623,海创药业,688302
15624,大全能源,688303
15625,科德数控,688305
15626,均普智能,688306
15627,中润光学,688307
15628,欧科亿,688308
15629,恒誉环保,688309
15630,迈得医疗,688310
15631,盟升电子,688311
15632,燕麦科技,688312
15633,仕佳光子,688313
15634,康拓医疗,688314
15635,诺禾致源,688315
15636,青云科技,688316
15637,之江生物,688317
15638,财富趋势,688318
15639,欧林生物,688319
15640,禾川科技,688320
15641,微芯生物,688321
15642,奥比中光,688322
15643,瑞华泰,688323
15644,赛微微电,688325
15645,经纬恒润,688326
15646,云从科技,688327
15647,深科达,688328
15648,艾隆科技,688329
15649,宏力达,688330
15650,荣昌生物,688331
15651,中科蓝讯,688332
15652,铂力特,688333
15653,西高院,688334
15654,复洁环保,688335
15655,三生国健,688336
15656,普源精电,688337
15657,赛科希德,688338
15658,亿华通,688339
15659,云天励飞,688343
15660,博力威,688345
15661,华虹公司,688347
15662,昱能科技,688348
15663,三一重能,688349
15664,富淼科技,688350
15665,微电生理,688351
15666,颀中科技,688352
15667,华盛锂电,688353
15668,明志科技,688355
15669,键凯科技,688356
15670,建龙微纳,688357
15671,祥生医疗,688358
15672,三孚新科,688359
15673,德马科技,688360
15674,中科飞测,688361
15675,甬矽电子,688362
15676,华熙生物,688363
15677,光云科技,688365
15678,昊海生科,688366
15679,工大高科,688367
15680,晶丰明源,688368
15681,致远互联,688369
15682,丛麟科技,688370
15683,菲沃泰,688371
15684,伟测科技,688372
15685,盟科药业,688373
15686,国博电子,688375
15687,美埃科技,688376
15688,迪威尔,688377
15689,奥来德,688378
15690,华光新材,688379
15691,中微半导,688380
15692,帝奥微,688381
15693,益方生物,688382
15694,新益昌,688383
15695,复旦微电,688385
15696,泛亚微透,688386
15697,信科移动,688387
15698,嘉元科技,688388
15699,普门科技,688389
15700,固德威,688390
15701,钜泉科技,688391
15702,骄成超声,688392
15703,安必平,688393
15704,正弦电气,688395
15705,华润微,688396
15706,赛特新材,688398
15707,硕世生物,688399
15708,凌云光,688400
15709,路维光电,688401
15710,汇成股份,688403
15711,中信博,688408
15712,富创精密,688409
15713,山外山,688410
15714,恒烁股份,688416
15715,震有科技,688418
15716,耐科装备,688419
15717,美腾科技,688420
15718,铁建重工,688425
15719,康为世纪,688426
15720,诺诚健华,688428
15721,时创能源,688429
15722,有研硅,688432
15723,华曙高科,688433
15724,英方软件,688435
15725,振华风光,688439
15726,智翔金泰,688443
15727,磁谷科技,688448
15728,光格科技,688450
15729,科捷智能,688455
15730,有研粉材,688456
15731,美芯晟,688458
15732,哈铁科技,688459
15733,金科环境,688466
15734,科美诊断,688468
15735,芯联集成,688469
15736,阿特斯,688472
15737,萤石网络,688475
15738,晶升股份,688478
15739,友车科技,688479
15740,赛恩斯,688480
15741,南芯科技,688484
15742,九州一轨,688485
15743,龙迅股份,688486
15744,艾迪药业,688488
15745,三未信安,688489
15746,清越科技,688496
15747,源杰科技,688498
15748,利元亨,688499
15749,*ST慧辰,688500
15750,青达环保,688501
15751,茂莱光学,688502
15752,聚和材料,688503
15753,复旦张江,688505
15754,百利天恒,688506
15755,索辰科技,688507
15756,芯朋微,688508
15757,正元地信,688509
15758,航亚科技,688510
15759,天微电子,688511
15760,慧智微,688512
15761,苑东生物,688513
15762,裕太微,688515
15763,奥特维,688516
15764,金冠电气,688517
15765,联赢激光,688518
15766,南亚新材,688519
15767,神州细胞,688520
15768,芯原股份,688521
15769,纳睿雷达,688522
15770,航天环宇,688523
15771,佰维存储,688525
15772,科前生物,688526
15773,秦川物联,688528
15774,豪森智能,688529
15775,日联科技,688531
15776,上声电子,688533
15777,华海诚科,688535
15778,思瑞浦,688536
15779,和辉光电,688538
15780,高华科技,688539
15781,国科军工,688543
15782,广钢气体,688548
15783,中巨芯,688549
15784,瑞联新材,688550
15785,科威尔,688551
15786,航天南湖,688552
15787,汇宇制药,688553
15788,高测股份,688556
15789,兰剑智能,688557
15790,国盛智科,688558
15791,海目星,688559
15792,明冠新材,688560
15793,奇安信,688561
15794,航天软件,688562
15795,航材股份,688563
15796,力源科技,688565
15797,吉贝尔,688566
15798,孚能科技,688567
15799,中科星图,688568
15800,铁科轨道,688569
15801,天玛智控,688570
15802,杭华股份,688571
15803,信宇人,688573
15804,亚辉龙,688575
15805,西山科技,688576
15806,浙海德曼,688577
15807,艾力斯,688578
15808,山大地纬,688579
15809,伟思医疗,688580
15810,安杰思,688581
15811,芯动联科,688582
15812,上海合晶,688584
15813,上纬新材,688585
15814,江航装备,688586
15815,凌志软件,688588
15816,力合微,688589
15817,新致软件,688590
15818,泰凌微,688591
15819,司南导航,688592
15820,新相微,688593
15821,芯海科技,688595
15822,正帆科技,688596
15823,煜邦电力,688597
15824,金博股份,688598
15825,天合光能,688599
15826,皖仪科技,688600
15827,力芯微,688601
15828,康鹏科技,688602
15829,天承科技,688603
15830,奥泰生物,688606
15831,康众医疗,688607
15832,恒玄科技,688608
15833,九联科技,688609
15834,埃科光电,688610
15835,杭州柯林,688611
15836,威迈斯,688612
15837,奥精医疗,688613
15838,西力科技,688616
15839,惠泰医疗,688617
15840,三旺通信,688618
15841,罗普特,688619
15842,安凯微,688620
15843,阳光诺和,688621
15844,禾信仪器,688622
15845,双元科技,688623
15846,呈和科技,688625
15847,翔宇医疗,688626
15848,精智达,688627
15849,优利德,688628
15850,华丰科技,688629
15851,芯碁微装,688630
15852,莱斯信息,688631
15853,星球石墨,688633
15854,智明达,688636
15855,誉辰智能,688638
15856,华恒生物,688639
15857,逸飞激光,688646
15858,中邮科技,688648
15859,盛邦安全,688651
15860,京仪装备,688652
15861,康希通信,688653
15862,迅捷兴,688655
15863,浩欧博,688656
15864,浩辰软件,688657
15865,悦康药业,688658
15866,元琛科技,688659
15867,电气风电,688660
15868,和林微纳,688661
15869,富信科技,688662
15870,新风光,688663
15871,四方光电,688665
15872,菱电电控,688667
15873,鼎通科技,688668
15874,聚石化学,688669
15875,金迪克,688670
15876,碧兴物联,688671
15877,金盘科技,688676
15878,海泰新光,688677
15879,福立旺,688678
15880,通源环境,688679
15881,海优新材,688680
15882,科汇股份,688681
15883,霍莱沃,688682
15884,莱尔科技,688683
15885,迈信林,688685
15886,奥普特,688686
15887,凯因科技,688687
15888,银河微电,688689
15889,纳微科技,688690
15890,锴威特,688693
15891,中创股份,688695
15892,极米科技,688696
15893,纽威数控,688697
15894,伟创电气,688698
15895,明微电子,688699
15896,东威科技,688700
15897,卓锦股份,688701
15898,盛科通信,688702
15899,振华新材,688707
15900,成都华微,688709
15901,宏微科技,688711
15902,中研股份,688716
15903,艾罗能源,688717
15904,唯赛勃,688718
15905,爱科赛博,688719
15906,艾森股份,688720
15907,同益中,688722
15908,格科微,688728
15909,壹石通,688733
15910,中自科技,688737
15911,成大生物,688739
15912,普冉股份,688766
15913,博拓生物,688767
15914,容知日新,688768
15915,珠海冠宇,688772
15916,国光电气,688776
15917,中控技术,688777
15918,厦钨新能,688778
15919,长远锂科,688779
15920,悦安新材,688786
15921,海天瑞声,688787
15922,科思科技,688788
15923,宏华数科,688789
15924,倍轻松,688793
15925,艾为电子,688798
15926,华纳药厂,688799
15927,瑞可达,688800
15928,天能股份,688819
15929,中芯国际,688981
15930,九号公司,689009
15931,武汉蓝电,830779
15932,艾融软件,830799
15933,安达科技,830809
15934,齐鲁华信,830832
15935,万通液压,830839
15936,基康仪器,830879
15937,旺成科技,830896
15938,森萱医药,830946
15939,润农节水,830964
15940,凯大催化,830974
15941,凯添燃气,831010
15942,国义招标,831039
15943,秋乐种业,831087
15944,昆工科技,831152
15945,鑫汇科,831167
15946,派诺科技,831175
15947,三祥科技,831195
15948,泰德股份,831278
15949,迪尔化工,831304
15950,海希通讯,831305
15951,新安洁,831370
15952,许昌智能,831396
15953,龙竹科技,831445
15954,凯华材料,831526
15955,力王股份,831627
15956,格利尔,831641
15957,克莱特,831689
15958,朱老六,831726
15959,拾比佰,831768
15960,科达自控,831832
15961,三维股份,831834
15962,浙江大农,831855
15963,浩淼科技,831856
15964,舜宇精工,831906
15965,创远信科,831961
15966,安徽凤凰,832000
15967,田野股份,832023
15968,禾昌聚合,832089
15969,雷特科技,832110
15970,恒合股份,832145
15971,利尔达,832149
15972,志晟信息,832171
15973,东方碳素,832175
15974,利通科技,832225
15975,鹿得医疗,832278
15976,路斯股份,832419
15977,富恒新材,832469
15978,美邦科技,832471
15979,奥迪威,832491
15980,纳科诺尔,832522
15981,梓橦宫,832566
15982,天罡股份,832651
15983,方盛股份,832662
15984,德源药业,832735
15985,骑士乳业,832786
15986,保丽洁,832802
15987,慧为智能,832876
15988,星辰科技,832885
15989,开特股份,832978
15990,锦波生物,832982
15991,立方控股,833030
15992,柏星龙,833075
15993,国航远洋,833171
15994,欧康医药,833230
15995,生物谷,833266
15996,灵鸽科技,833284
15997,威贸电子,833346
15998,民士达,833394
15999,华维设计,833427
16000,康比特,833429
16001,同心传动,833454
16002,汇隆活塞,833455
16003,同惠电子,833509
16004,德瑞锂电,833523
16005,骏创科技,833533
16006,康乐卫士,833575
16007,科创新材,833580
16008,惠同新材,833751
16009,瑞奇智造,833781
16010,颖泰生物,833819
16011,中设咨询,833873
16012,远航精密,833914
16013,优机股份,833943
16014,特瑞斯,834014
16015,流金科技,834021
16016,康普化学,834033
16017,华洋赛车,834058
16018,科润智控,834062
16019,一诺威,834261
16020,驰诚股份,834407
16021,恒拓开源,834415
16022,三友科技,834475
16023,同力股份,834599
16024,晨光电缆,834639
16025,球冠电缆,834682
16026,美之高,834765
16027,艾能聚,834770
16028,迅安科技,834950
16029,五新隧装,835174
16030,凯德石英,835179
16031,国源科技,835184
16032,贝特瑞,835185
16033,众诚科技,835207
16034,力佳科技,835237
16035,云创数据,835305
16036,连城数控,835368
16037,戈碧迦,835438
16038,殷图网联,835508
16039,机科股份,835579
16040,富士达,835640
16041,数字人,835670
16042,百甲科技,835857
16043,中科美菱,835892
16044,海泰新能,835985
16045,吉林碳谷,836077
16046,旭杰科技,836149
16047,青矩技术,836208
16048,易实精密,836221
16049,长虹能源,836239
16050,华密新材,836247
16051,中寰股份,836260
16052,中航泰达,836263
16053,天铭科技,836270
16054,朗鸿科技,836395
16055,欧普泰,836414
16056,万德股份,836419
16057,润普食品,836422
16058,大唐药业,836433
16059,博迅生物,836504
16060,无锡晶海,836547
16061,秉扬科技,836675
16062,海达尔,836699
16063,瑞星股份,836717
16064,吉冈精密,836720
16065,奔朗新材,836807
16066,盖世食品,836826
16067,派特尔,836871
16068,广咨国际,836892
16069,恒立钻具,836942
16070,汉维科技,836957
16071,西磁科技,836961
16072,晟楠科技,837006
16073,芭薇股份,837023
16074,亿能电力,837046
16075,汉鑫科技,837092
16076,宏裕包材,837174
16077,智新电子,837212
16078,建邦科技,837242
16079,三元基因,837344
16080,康农种业,837403
16081,华信永道,837592
16082,明阳科技,837663
16083,路桥信息,837748
16084,则成电子,837821
16085,德众汽车,838030
16086,方大新材,838163
16087,邦德股份,838171
16088,美登科技,838227
16089,太湖雪,838262
16090,驱动力,838275
16091,硅烷科技,838402
16092,恒进感应,838670
16093,豪声电子,838701
16094,春光药装,838810
16095,华原股份,838837
16096,广脉科技,838924
16097,天马新材,838971
16098,同享科技,839167
16099,一致魔芋,839273
16100,欧福蛋业,839371
16101,并行科技,839493
16102,广道数字,839680
16103,宁新新材,839719
16104,惠丰钻石,839725
16105,永顺生物,839729
16106,联迪信息,839790
16107,东和新材,839792
16108,华阳变速,839946
16109,倍益康,870199
16110,沪江材料,870204
16111,灿能电力,870299
16112,雅葆轩,870357
16113,大地电气,870436
16114,丰安股份,870508
16115,海昇药业,870656
16116,鸿智科技,870726
16117,绿亨科技,870866
16118,视声智能,870976
16119,威博液压,871245
16120,莱赛激光,871263
16121,常辅股份,871396
16122,巨能股份,871478
16123,凯腾精工,871553
16124,新威凌,871634
16125,通易航天,871642
16126,中裕科技,871694
16127,天纺标,871753
16128,泓禧科技,871857
16129,大禹生物,871970
16130,晶赛科技,871981
16131,雷神科技,872190
16132,华光源海,872351
16133,云里物里,872374
16134,佳合科技,872392
16135,铁大科技,872541
16136,曙光数创,872808
16137,花溪科技,872895
16138,锦好医疗,872925
16139,国子软件,872953
16140,纬达光电,873001
16141,中纺标,873122
16142,泰鹏智能,873132
16143,天宏锂电,873152
16144,新赣江,873167
16145,七丰精工,873169
16146,荣亿精密,873223
16147,九菱科技,873305
16148,恒太照明,873339
16149,夜光明,873527
16150,坤博精工,873570
16151,天力复合,873576
16152,鼎智科技,873593
16153,科强股份,873665
16154,前进科技,873679
16155,捷众科技,873690
16156,阿为特,873693
16157,广厦环能,873703
16158,铁拓机械,873706
16159,卓兆点胶,873726
16160,云星宇,873806
16161,美心翼申,873833
