1302,AN202403141626755358,001002005001008002,2024-03-15,平安银行,code,Done,000001,平安银行:拟续聘会计师事务所的公告
1303,AN202403281628506883,001002005001008002,2024-03-29,万科A,code,Done,000002,万科A:关于拟续聘2024年度会计师事务所的公告
1304,AN202403131626658747,001002005001008002,2024-03-14,飞亚达,code,Done,000026,飞亚达:关于续聘会计师事务所的公告
1305,AN202403271628324455,001002005001008002,2024-03-28,深纺织A,code,Done,000045,深纺织Ａ:关于拟续聘会计师事务所的公告
1306,AN202403291629101923,001002005001008002,2024-03-30,中成股份,code,Done,000151,中成股份:中成进出口股份有限公司关于续聘会计师事务所的公告
1307,AN202403281628531650,001002005001008002,2024-03-29,申万宏源,code,Done,000166,申万宏源:关于续聘会计师事务所的公告
1308,AN202403271628325608,001002005001008002,2024-03-28,美的集团,code,Done,000333,美的集团:关于续聘会计师事务所的公告
1309,AN202403251628109411,001002005001008002,2024-03-26,潍柴动力,code,Done,000338,潍柴动力:潍柴动力股份有限公司关于续聘会计师事务所的公告
1310,AN202403221627623306,001002005001008002,2024-03-23,胜利股份,code,Done,000407,胜利股份:关于公司拟续聘会计师事务所的公告
1311,AN202403151626859896,001002005001008002,2024-03-16,粤高速A,code,Done,000429,粤高速Ａ:拟续聘会计师事务所的公告
1312,AN202403291629061590,001002005001008002,2024-03-30,京粮控股,code,"",000505,京粮控股:拟续聘会计师事务所的公告
1313,AN202403281628450949,001002005001008002,2024-03-29,丽珠集团,code,Done,000513,丽珠集团:拟续聘会计师事务所的公告
1314,AN202403261628189403,001002005001008002,2024-03-27,华金资本,code,Done,000532,华金资本:关于拟续聘会计师事务所的公告
1315,AN202403291629062525,001002005001008002,2024-03-30,万泽股份,code,Done,000534,万泽股份:万泽股份关于续聘深圳大华国际会计师事务所(特殊普通合伙为公司2024年度审计机构的公告
1316,AN202403291629049306,001002005001008002,2024-03-30,中原环保,code,Done,000544,中原环保:关于拟续聘会计师事务所的公告
1317,AN202403261628223888,001002005001008002,2024-03-27,江铃汽车,code,"",000550,江铃汽车:江铃汽车股份有限公司关于续聘会计师事务所的公告
1318,AN202403261628223886,001002005001008002,2024-03-27,江铃汽车,code,"",000550,江铃Ｂ:江铃汽车股份有限公司关于续聘会计师事务所的公告(英文版
1319,AN202404081630057190,001002005001008002,2024-04-09,创元科技,code,Done,000551,创元科技:关于拟续聘会计师事务所的公告
1320,AN202403281628505436,001002005001008002,2024-03-29,神州信息,code,Done,000555,神州信息:关于拟续聘会计师事务所的公告
1321,AN202403281628478482,001002005001008002,2024-03-29,中油资本,code,Done,000617,中油资本:关于续聘2024年度会计师事务所的公告
1322,AN202403291629102473,001002005001008002,2024-03-30,*ST新联,code,Done,000620,*ST新联:关于续聘会计师事务所的公告
1323,AN202403251628084239,001002005001008002,2024-03-26,钒钛股份,code,Done,000629,钒钛股份:关于拟续聘立信会计师事务所(特殊普通合伙的公告
1324,AN202401221617914741,001003002001,2024-01-23,上峰水泥,code,"",000672,上峰水泥:董事会审计委员会关于续聘会计师事务所的书面审核意见
1325,AN202404111630150504,001002005001008002,2024-04-12,恒天海龙,code,Done,000677,恒天海龙:恒天海龙股份有限公司关于续聘永拓会计师事务所的公告
1326,AN202404081630058467,001002005001008002,2024-04-09,宝新能源,code,Done,000690,宝新能源:拟续聘会计师事务所的公告
1327,AN202403201627320491,001002005001008002,2024-03-21,滨海能源,code,Done,000695,滨海能源:关于拟续聘会计师事务所的公告
1328,AN202403121626489705,001002005001008002,2024-03-13,中信特钢,code,Done,000708,中信特钢:关于拟续聘会计师事务所的公告
1329,AN202403291629085939,001002005001008002,2024-03-30,中兴商业,code,Done,000715,中兴商业:关于拟续聘公司2024年度会计师事务所的公告
1330,AN202403071625940867,001002005001008002,2024-03-08,普洛药业,code,Done,000739,普洛药业:关于续聘会计师事务所的公告
1331,AN202403081626051351,001002005001008002,2024-03-09,国海证券,code,Done,000750,国海证券:国海证券股份有限公司关于拟续聘会计师事务所的公告
1332,AN202404011629218010,001002005001008002,2024-04-02,中航西飞,code,Done,000768,中航西飞:关于续聘会计师事务所的公告
1333,AN202403281628490801,001002005001008002,2024-03-29,广发证券,code,Done,000776,广发证券:关于拟续聘会计师事务所的公告
1334,AN202403191627204098,001002005001008002,2024-03-20,北新建材,code,Done,000786,北新建材:拟续聘会计师事务所的公告
1335,AN202403141626765813,001002005001008002,2024-03-15,英洛华,code,Done,000795,英洛华:拟续聘会计师事务所的公告
1336,AN202403271628304745,001002005001008002,2024-03-28,冰轮环境,code,Done,000811,冰轮环境:拟续聘会计师事务所的公告
1337,AN202403131626618199,001002005001008002,2024-03-14,航锦科技,code,Done,000818,航锦科技:关于续聘2024年度会计师事务所的公告
1338,AN202403291629060552,001002005001008002,2024-03-30,秦川机床,code,Done,000837,秦川机床:关于拟续聘会计师事务所的公告
1339,AN202401181617691731,001002005001008002,2024-01-19,高鸿股份,code,Done,000851,高鸿股份:关于续聘会计师事务所的公告
1340,AN202403281628560253,001002005001008002,2024-03-29,鞍钢股份,code,Done,000898,鞍钢股份:5-鞍钢股份续聘会计师事务所的公告
1341,AN202403291629046758,001002005001008002,2024-03-30,厦门港务,code,Done,000905,厦门港务:厦门港务关于拟续聘会计师事务所的公告
1342,AN202403281628450154,001002005001008002,2024-03-29,大亚圣象,code,Done,000910,大亚圣象:关于拟续聘会计师事务所的公告
1343,AN202403151626831982,001002005001008002,2024-03-16,华特达因,code,Done,000915,华特达因:关于拟续聘会计师事务所的公告
1344,AN202403291629055772,001002005001008002,2024-03-30,海信家电,code,Done,000921,海信家电:关于拟续聘会计师事务所的公告
1345,AN202403251628098338,001002005001008002,2024-03-26,中国重汽,code,Done,000951,中国重汽:关于续聘会计师事务所的公告
1346,AN202403251628080614,001002005001008002,2024-03-26,中通客车,code,Done,000957,中通客车:关于续聘会计师事务所的公告
1347,AN202403271628322916,001002005001008002,2024-03-28,中科三环,code,Done,000970,中科三环:中科三环关于续聘会计师事务所的公告
1348,AN202404111630155227,001002005001008002,2024-04-12,中银绒业,code,Done,000982,中银绒业:宁夏中银绒业股份有限公司关于续聘立信会计师事务所(特殊普通合伙为公司2024年度审计机构的公告
1349,AN202403181626984726,001002005001008002,2024-03-19,大中矿业,code,"",001203,大中矿业:关于续聘会计师事务所的公告
1350,AN202404111630158119,001002005001008002,2024-04-12,欧克科技,code,Done,001223,欧克科技:关于拟续聘会计师事务所的公告
1351,AN202402211622522346,001002005001008002,2024-02-22,和泰机电,code,Done,001225,和泰机电:关于续聘会计师事务所的公告
1352,AN202403151626860792,001002005001008002,2024-03-16,立新能源,code,Done,001258,立新能源:新疆立新能源股份有限公司关于续聘会计师事务所的公告
1353,AN202404091630087369,001002005001008002,2024-04-10,康冠科技,code,Done,001308,康冠科技:关于续聘2024年度会计师事务所的公告
1354,AN202403291629059178,001002005001008002,2024-03-30,四川黄金,code,Done,001337,四川黄金:关于拟续聘会计师事务所的公告
1355,AN202401091616871815,001002005001008002,2024-01-10,南矿集团,code,Done,001360,南矿集团:关于续聘会计师事务所的公告
1356,AN202403141626765206,001002005001008002,2024-03-15,百通能源,code,Done,001376,百通能源:关于续聘会计师事务所的公告
1357,AN202404081630061374,001002005001008002,2024-04-09,华纬科技,code,Done,001380,华纬科技:关于续聘会计师事务所的公告
1358,AN202402281624009923,001002005001008002,2024-02-29,永新股份,code,Done,002014,永新股份:关于续聘会计师事务所的公告
1359,AN202404021629430124,001002005001008002,2024-04-03,七匹狼,code,Done,002029,七匹狼:七匹狼关于拟续聘会计师事务所的公告
1360,AN202403291629044631,001002005001008002,2024-03-30,黔源电力,code,Done,002039,黔源电力:关于续聘2024年度会计师事务所的公告
1361,AN202404071630035358,001002005001008002,2024-04-08,中工国际,code,Done,002051,中工国际:关于2024年度续聘会计师事务所及审计费用的公告
1362,AN202403291629104196,001002005001008002,2024-03-30,德美化工,code,Done,002054,德美化工:公司关于拟续聘会计师事务所的公告
1363,AN202404111630151849,001002005001008002,2024-04-12,东华软件,code,Done,002065,东华软件:关于拟续聘会计师事务所的公告
1364,AN202404021629423235,001002005001008002,2024-04-03,软控股份,code,Done,002073,软控股份:关于公司续聘中兴华会计师事务所(特殊普通合伙为公司2024年年度审计机构的公告
1365,AN202403291629094086,001002005001008002,2024-03-30,苏州固锝,code,Done,002079,苏州固锝:关于续聘立信会计师事务所(特殊普通合伙担任2024年度审计机构的公告
1366,AN202401311619798003,001002005001008002,2024-02-01,新海退,code,Done,002089,*ST新海:关于续聘会计师事务所的公告
1367,AN202403291629100261,001002005001008002,2024-03-30,沃华医药,code,Done,002107,沃华医药:关于拟续聘会计师事务所的公告
1368,AN202403251628097132,001002005001008002,2024-03-26,康强电子,code,Done,002119,康强电子:关于拟续聘会计师事务所的公告
1369,AN202403211627466428,001002005001008002,2024-03-22,科陆电子,code,Done,002121,科陆电子:关于续聘大华会计师事务所(特殊普通合伙为公司2024年度审计机构的公告
1370,AN202402281624034344,001002005001008002,2024-02-29,顺络电子,code,Done,002138,顺络电子:关于上市公司续聘会计师事务所的公告
1371,AN202404091630083084,001002005001008002,2024-04-10,宁波银行,code,Done,002142,宁波银行:宁波银行股份有限公司关于拟续聘会计师事务所的公告
1372,AN202403291629066580,001002005001008002,2024-03-30,广电运通,code,Done,002152,广电运通:关于拟续聘会计师事务所的公告
1373,AN202404111630160527,001002005001008002,2024-04-12,报喜鸟,code,Done,002154,报喜鸟:(2024年015号关于拟续聘会计师事务所的公告
1374,AN202403291629043882,001002005001008002,2024-03-30,悦心健康,code,Done,002162,悦心健康:关于拟续聘会计师事务所的公告
1375,AN202403151626860960,001002005001008002,2024-03-16,中航光电,code,Done,002179,中航光电:关于续聘会计师事务所的公告
1376,AN202404091630082444,001002005001008002,2024-04-10,粤传媒,code,Done,002181,粤传媒:关于公司拟续聘会计师事务所的公告
1377,AN202404011629204622,001002005001008002,2024-04-02,华天科技,code,Done,002185,华天科技:关于续聘会计师事务所的公告
1378,AN202403121626455006,001002005001008002,2024-03-13,中天服务,code,Done,002188,中天服务:关于拟续聘会计师事务所的公告
1379,AN202403291629041042,001002005001008002,2024-03-30,濮耐股份,code,Done,002225,濮耐股份:关于续聘会计师事务所的公告
1380,AN202403141626761343,001002005001008002,2024-03-15,塔牌集团,code,Done,002233,塔牌集团:关于拟续聘会计师事务所的公告
1381,AN202403271628323148,001002005001008002,2024-03-28,歌尔股份,code,Done,002241,歌尔股份:关于续聘会计师事务所的公告
1382,AN202403281628554924,001002005001008002,2024-03-29,九阳股份,code,Done,002242,九阳股份:关于续聘公司2024年度会计师事务所的公告
1383,AN202404021629428624,001002005001008002,2024-04-03,蔚蓝锂芯,code,Done,002245,蔚蓝锂芯:关于拟续聘会计师事务所的公告
1384,AN202403281628447470,001002005001008002,2024-03-29,川大智胜,code,Done,002253,川大智胜:四川川大智胜软件股份有限公司拟续聘会计师事务所的公告
1385,AN202404081630060065,001002005001008002,2024-04-09,ST升达,code,Done,002259,ST升达:关于续聘2024年度会计师事务所的公告
1386,AN202403291629062280,001002005001008002,2024-03-30,恩华药业,code,Done,002262,恩华药业:关于续聘会计师事务所的公告
1387,AN202403291629062293,001003001001003,2024-03-30,恩华药业,code,"",002262,恩华药业:独立董事关于续聘会计师事务所的事前认可意见
1388,AN202403211627438210,001002005001008002,2024-03-22,水晶光电,code,Done,002273,水晶光电:关于续聘会计师事务所的公告
1389,AN202404091630091153,001002005001008002,2024-04-10,万马股份,code,Done,002276,万马股份:关于拟续聘会计师事务所的公告
1390,AN202403181626977800,001003001001003,2024-03-19,博深股份,code,Done,002282,博深股份:博深股份有限公司董事会审计委员会关于续聘会计师事务所的意见
1391,AN202403191627211748,001002005001008002,2024-03-20,天润工业,code,Done,002283,天润工业:关于续聘会计师事务所的公告
1392,AN202402061620965899,001002005001008002,2024-02-07,保龄宝,code,Done,002286,保龄宝:关于拟续聘会计师事务所的公告
1393,AN202404021629429963,001002005001008002,2024-04-03,博云新材,code,Done,002297,博云新材:关于续聘会计师事务所的公告
1394,AN202404101630125511,001002005001008002,2024-04-11,太阳电缆,code,Done,002300,太阳电缆:关于拟续聘会计师事务所的公告
1395,AN202404111630157975,001002005001008002,2024-04-12,美盈森,code,Done,002303,美盈森:关于拟续聘会计师事务所的公告
1396,AN202404111630163199,001002005001008002,2024-04-12,理工能科,code,Done,002322,理工能科:关于续聘天健会计师事务所(特殊普通合伙为公司2024年度审计机构的公告
1397,AN202404081630059188,001002005001008002,2024-04-09,英威腾,code,Done,002334,英威腾:关于续聘2024年度会计师事务所的公告
1398,AN202404021629519746,001002005001008002,2024-04-03,海宁皮城,code,Done,002344,海宁皮城:海宁皮城关于续聘天健会计师事务所为公司审计机构的公告
1399,AN202403261628190001,001002005001008002,2024-03-27,顺丰控股,code,Done,002352,顺丰控股:关于拟续聘会计师事务所的公告
1400,AN202404021629589791,001002005001008002,2024-04-03,杰瑞股份,code,Done,002353,杰瑞股份:关于续聘会计师事务所的公告
1401,AN202403281628554749,001002005001008002,2024-03-29,赫美集团,code,Done,002356,赫美集团:关于续聘会计师事务所的公告
1402,AN202403271628364998,001002005001008002,2024-03-28,康力电梯,code,Done,002367,康力电梯:关于续聘会计师事务所的公告
1403,AN202403291629096135,001002005001008002,2024-03-30,亚太药业,code,"",002370,亚太药业:关于拟续聘会计师事务所的公告
1404,AN202404081630062845,001002005001008002,2024-04-09,伟星新材,code,Done,002372,伟星新材:拟续聘会计师事务所的公告
1405,AN202403211627439440,001002005001008002,2024-03-22,宏创控股,code,Done,002379,宏创控股:关于续聘会计师事务所的公告
1406,AN202403251628095921,001002005001008002,2024-03-26,远东传动,code,Done,002406,远东传动:拟续聘会计师事务所的公告
1407,AN202403271628320944,001002005001008002,2024-03-28,杭氧股份,code,"",002430,杭氧股份:关于续聘会计师事务所的公告
1408,AN202403261628205746,001002005001008002,2024-03-27,长高电新,code,Done,002452,长高电新:关于续聘会计师事务所的公告
1409,AN202404091630085803,001003001001003,2024-04-10,青龙管业,code,Done,002457,青龙管业:宁夏青龙管业集团股份有限公司董事会审计委员会关于拟续聘会计师事务所的核查意见
1410,AN202404091630085809,001003001001003,2024-04-10,青龙管业,code,Done,002457,青龙管业:宁夏青龙管业集团股份有限公司独立董事关于公司拟续聘会计师事务所的事前认可意见
1411,AN202404091630085744,001002005001008002,2024-04-10,青龙管业,code,Done,002457,青龙管业:关于拟续聘会计师事务所的公告
1412,AN202403061625692591,001002005001008002,2024-03-07,益生股份,code,Done,002458,益生股份:关于拟续聘会计师事务所的公告
1413,AN202403281628587736,001002005001008002,2024-03-29,赣锋锂业,code,Done,002460,赣锋锂业:关于续聘2024年度会计师事务所及确定报酬的公告
1414,AN202403251628097459,001002005001008002,2024-03-26,沪电股份,code,Done,002463,沪电股份:关于拟续聘会计师事务所的公告
1415,AN202403281628540369,001002005001008002,2024-03-29,海格通信,code,Done,002465,海格通信:关于拟续聘会计师事务所的公告
1416,AN202403271628390790,001002005001008002,2024-03-28,天齐锂业,code,Done,002466,天齐锂业:关于拟续聘会计师事务所的公告
1417,AN202403291629042202,001002005001008002,2024-03-30,中超控股,code,Done,002471,中超控股:关于续聘会计师事务所的公告
1418,AN202404111630160276,001002005001008002,2024-04-12,双环传动,code,Done,002472,双环传动:关于续聘会计师事务所的公告
1419,AN202404091630082260,001002005001008002,2024-04-10,榕基软件,code,Done,002474,榕基软件:关于拟续聘2024年度会计师事务所的公告
1420,AN202404091630082158,001002005001008002,2024-04-10,富春环保,code,Done,002479,富春环保:关于续聘会计师事务所的公告
1421,AN202403221627626672,001002005001008002,2024-03-23,银河电子,code,Done,002519,银河电子:关于续聘会计师事务所的公告
1422,AN202404081630047887,001002005001008002,2024-04-09,天山铝业,code,Done,002532,天山铝业:关于续聘会计师事务所的公告
1423,AN202403281628531362,001002005001008002,2024-03-29,金杯电工,code,Done,002533,金杯电工:关于续聘会计师事务所的公告
1424,AN202403291629101069,001002005001008002,2024-03-30,西子洁能,code,"",002534,西子洁能:关于续聘天健会计师事务所(特殊普通合伙为公司2024年度审计机构的公告
1425,AN202404111630154609,001002005001008002,2024-04-12,飞龙股份,code,Done,002536,飞龙股份:关于续聘会计师事务所的公告
1426,AN202403291629063745,001002008,2024-03-30,鸿路钢构,code,Done,002541,鸿路钢构:审计委员会关于续聘会计师事务所的意见
1427,AN202403281628531554,001002005001008002,2024-03-29,凯美特气,code,Done,002549,凯美特气:关于拟续聘会计师事务所的公告
1428,AN202403291629065648,001002005001008002,2024-03-30,通达股份,code,Done,002560,通达股份:关于续聘会计师事务所的公告
1429,AN202403281628444184,001002005001008002,2024-03-29,通达动力,code,Done,002576,通达动力:江苏通达动力科技股份有限公司关于续聘会计师事务所的公告
1430,AN202403291629065250,001002005001008002,2024-03-30,雷柏科技,code,Done,002577,雷柏科技:关于拟续聘会计师事务所的公告
1431,AN202404011629208628,001002005001008002,2024-04-02,哈尔斯,code,Done,002615,哈尔斯:2024-019关于提议续聘会计师事务所的公告
1432,AN202403291629062870,001002005001008002,2024-03-30,跨境通,code,Done,002640,跨境通:关于续聘会计师事务所的公告
1433,AN202403251628084995,001002005001008002,2024-03-26,卫星化学,code,Done,002648,卫星化学:关于续聘会计师事务所的公告
1434,AN202404021629590030,001002005001008002,2024-04-03,共达电声,code,Done,002655,共达电声:共达电声股份有限公司关于续聘容诚会计师事务所为公司2024年度审计机构的公告
1435,AN202403271628321890,001002005001008002,2024-03-28,雪迪龙,code,Done,002658,雪迪龙:雪迪龙关于拟续聘会计师事务所的公告
1436,AN202403151626859886,001002005001008002,2024-03-16,克明食品,code,Done,002661,克明食品:关于公司拟续聘会计师事务所的公告
1437,AN202403281628440067,001002005001008002,2024-03-29,京威股份,code,Done,002662,京威股份:关于拟续聘会计师事务所的公告
1438,AN202403191627142091,001002005001008002,2024-03-20,奥马电器,code,Done,002668,奥马电器:关于公司拟续聘会计师事务所的公告
1439,AN202403291629041513,001002005001008002,2024-03-30,美亚光电,code,Done,002690,美亚光电:关于拟续聘会计师事务所的公告
1440,AN202403291629044392,001002005001008002,2024-03-30,煌上煌,code,Done,002695,煌上煌:关于拟续聘会计师事务所的公告
1441,AN202403281628447915,001002005001008002,2024-03-29,浙江世宝,code,Done,002703,浙江世宝:拟续聘会计师事务所的公告
1442,AN202403251628098117,001002005001008002,2024-03-26,众兴菌业,code,Done,002772,众兴菌业:关于拟续聘会计师事务所的公告
1443,AN202401121617337461,001002005001008002,2024-01-13,三夫户外,code,Done,002780,三夫户外:关于拟续聘会计师事务所的公告
1444,AN202403281628537112,001002005001008002,2024-03-29,华源控股,code,Done,002787,华源控股:关于续聘天健会计师事务所(特殊普通合伙为公司2024年度审计机构的公告
1445,AN202403291629045645,001002005001008002,2024-03-30,吉宏股份,code,Done,002803,吉宏股份:关于续聘会计师事务所的公告
1446,AN202403281628458987,001002005001008002,2024-03-29,富森美,code,Done,002818,富森美:关于拟续聘会计师事务所的公告
1447,AN202403261628187687,001002005001008002,2024-03-27,盐津铺子,code,Done,002847,盐津铺子:关于拟续聘2024年度会计师事务所的公告
1448,AN202404101630125683,001002005001008002,2024-04-11,凌霄泵业,code,Done,002884,凌霄泵业:关于续聘会计师事务所的公告
1449,AN202404091630081802,001002005001008002,2024-04-10,华森制药,code,Done,002907,华森制药:关于续聘2024年度会计师事务所的公告
1450,AN202403141626764444,001002005001008002,2024-03-15,深南电路,code,Done,002916,深南电路:关于续聘会计师事务所的公告
1451,AN202403281628548161,001002005001008002,2024-03-29,郑州银行,code,Done,002936,郑州银行:郑州银行股份有限公司关于拟续聘会计师事务所的公告
1452,AN202403291629061079,001002005001008002,2024-03-30,鹏鼎控股,code,Done,002938,鹏鼎控股:鹏鼎控股(深圳股份有限公司关于续聘会计师事务所的公告
1453,AN202403281628552296,001002005001008002,2024-03-29,青岛银行,code,Done,002948,青岛银行:关于拟续聘2024年度会计师事务所的公告
1454,AN202403271628365517,001002005001008002,2024-03-28,*ST金时,code,Done,002951,ST金时:关于续聘会计师事务所的公告
1455,AN202403281628539543,001002005001008002,2024-03-29,广电计量,code,Done,002967,广电计量:拟续聘会计师事务所的公告
1456,AN202404111630163805,001002005001008002,2024-04-12,瑞玛精密,code,Done,002976,瑞玛精密:关于续聘会计师事务所的公告
1457,AN202403181626975085,001002005001008002,2024-03-19,豪美新材,code,Done,002988,豪美新材:关于续聘会计师事务所的公告
1458,AN202403271628309674,001002005001008002,2024-03-28,劲仔食品,code,Done,003000,劲仔食品:关于续聘会计师事务所的公告
1459,AN202403221627628029,001002005001008002,2024-03-23,百亚股份,code,Done,003006,百亚股份:关于续聘会计师事务所的公告
1460,AN202403291629074541,001002005001008002,2024-03-30,兆威机电,code,Done,003021,兆威机电:关于续聘2024年度会计师事务所的公告
1461,AN202403261628223407,001002005001008002,2024-03-27,联泓新科,code,Done,003022,联泓新科:关于拟续聘2024年度会计师事务所的公告
1462,AN202402261623604957,001002005001008002,2024-02-27,同花顺,code,Done,300033,同花顺:关于拟续聘会计师事务所的公告
1463,AN202401031616226128,001002005001008002,2024-01-04,钢研高纳,code,Done,300034,钢研高纳:关于拟续聘会计师事务所的公告
1464,AN202404091630086614,001002005001008002,2024-04-10,鼎龙股份,code,Done,300054,鼎龙股份:关于续聘会计师事务所的公告
1465,AN202403141626765957,001002005001008002,2024-03-15,东方财富,code,Done,300059,东方财富:东方财富信息股份有限公司关于拟续聘会计师事务所的公告
1466,AN202404031629714501,001002005001008002,2024-04-04,碧水源,code,Done,300070,碧水源:关于续聘会计师事务所的公告
1467,AN202404111630162023,001002005001008002,2024-04-12,数字政通,code,Done,300075,数字政通:关于续聘2024年度会计师事务所的公告
1468,AN202403291629038645,001002005001008002,2024-03-30,科新机电,code,Done,300092,科新机电:关于拟续聘会计师事务所的公告
1469,AN202403251628097436,001002005001008002,2024-03-26,乾照光电,code,Done,300102,乾照光电:关于拟续聘公司2024年度会计师事务所的公告
1470,AN202403181626977950,001002005001008002,2024-03-19,长盈精密,code,Done,300115,长盈精密:关于续聘会计师事务所的公告
1471,AN202403291629055588,001002005001008002,2024-03-30,瑞普生物,code,Done,300119,瑞普生物:关于续聘会计师事务所的公告
1472,AN202403291629051710,001002005001008002,2024-03-30,银河磁体,code,Done,300127,银河磁体:关于续聘会计师事务所的公告
1473,AN202403271628308484,001002005001008002,2024-03-28,新国都,code,Done,300130,新国都:关于拟续聘会计师事务所的公告
1474,AN202404081630060675,001002005001008002,2024-04-09,瑞凌股份,code,Done,300154,瑞凌股份:关于续聘2024年度会计师事务所的公告
1475,AN202404021629532736,001002005001008002,2024-04-03,新锦动力,code,Done,300157,新锦动力:关于拟续聘2024年度会计师事务所的公告
1476,AN202403251628075682,001002005001008002,2024-03-26,舒泰神,code,Done,300204,舒泰神:关于公司续聘会计师事务所的公告
1477,AN202403281628438857,001002005001008002,2024-03-29,理邦仪器,code,Done,300206,理邦仪器:关于拟续聘公司2024年度会计师事务所的公告
1478,AN202403291629101678,001002005001008002,2024-03-30,安利股份,code,Done,300218,安利股份:关于续聘会计师事务所的公告
1479,AN202403271628321494,001002005001008002,2024-03-28,正海磁材,code,Done,300224,正海磁材:关于续聘会计师事务所的公告
1480,AN202404091630091839,001002005001008002,2024-04-10,拓尔思,code,Done,300229,拓尔思:关于拟续聘会计师事务所的公告
1481,AN202403281628447046,001002005001008002,2024-03-29,金城医药,code,Done,300233,金城医药:关于续聘2024年度会计师事务所的公告
1482,AN202404021629427911,001002005001008002,2024-04-03,开尔新材,code,Done,300234,开尔新材:关于续聘2024年度会计师事务所的公告
1483,AN202403251628079393,001002005001008002,2024-03-26,方直科技,code,Done,300235,方直科技:关于续聘会计师事务所的公告
1484,AN202403291629049698,001002005001008002,2024-03-30,新天科技,code,Done,300259,新天科技:关于拟续聘会计师事务所的公告
1485,AN202403291629073298,001002005001008002,2024-03-30,安科瑞,code,Done,300286,安科瑞:安科瑞关于续聘公司2024年度会计师事务所的公告
1486,AN202404111630160794,001002005001008002,2024-04-12,利亚德,code,Done,300296,利亚德:关于续聘会计师事务所的公告
1487,AN202403291629100889,001002005001008002,2024-03-30,聚飞光电,code,"",300303,聚飞光电:关于续聘立信会计师事务所(特殊普通合伙为公司2024年度审计机构的公告
1488,AN202404081630056581,001002005001008002,2024-04-09,戴维医疗,code,Done,300314,戴维医疗:关于续聘会计师事务所的公告
1489,AN202403291629070703,001002005001008002,2024-03-30,中颖电子,code,Done,300327,中颖电子:关于续聘2024年度会计师事务所的公告
1490,AN202403291629051523,001002005001008002,2024-03-30,光环新网,code,Done,300383,光环新网:关于拟续聘会计师事务所的公告
1491,AN202403291629061353,001002005001008002,2024-03-30,九强生物,code,Done,300406,九强生物:关于续聘会计师事务所的公告
1492,AN202403181626974332,001002005001008002,2024-03-19,鲍斯股份,code,Done,300441,鲍斯股份:关于续聘会计师事务所的公告
1493,AN202403221627631978,001002005001008002,2024-03-23,三鑫医疗,code,Done,300453,三鑫医疗:关于续聘会计师事务所的公告
1494,AN202403261628206048,001002005001008002,2024-03-27,赢合科技,code,Done,300457,赢合科技:关于续聘会计师事务所的公告
1495,AN202403281628555377,001002005001008002,2024-03-29,田中精机,code,Done,300461,田中精机:关于拟续聘会计师事务所的公告
1496,AN202403281628548189,001002005001008002,2024-03-29,久之洋,code,Done,300516,久之洋:关于续聘会计师事务所的公告
1497,AN202404111630150757,001002005001008002,2024-04-12,先进数通,code,Done,300541,先进数通:关于拟续聘会计师事务所的公告
1498,AN202403291629062313,001002005001008002,2024-03-30,中旗股份,code,Done,300575,中旗股份:关于续聘会计师事务所的公告
1499,AN202404081630060383,001002005001008002,2024-04-09,思特奇,code,Done,300608,思特奇:关于续聘2024年度会计师事务所的公告
1500,AN202403121626459130,001002005001008002,2024-03-13,捷捷微电,code,Done,300623,捷捷微电:江苏捷捷微电子股份有限公司关于续聘容诚会计师事务所(特殊普通合伙为公司2024年财务审计机构的公告
1501,AN202404111630154245,001002005001008002,2024-04-12,开立医疗,code,Done,300633,开立医疗:关于拟续聘会计师事务所的公告
1502,AN202403271628308517,001002005001008002,2024-03-28,世纪天鸿,code,Done,300654,世纪天鸿:关于续聘会计师事务所的公告
1503,AN202404021629520204,001002005001008002,2024-04-03,朗新集团,code,Done,300682,朗新集团:关于续聘2024年度会计师事务所的公告
1504,AN202403291629087458,001002005001008002,2024-03-30,兆丰股份,code,Done,300695,兆丰股份:关于拟续聘会计师事务所的公告
1505,AN202403291629104173,001002005001008002,2024-03-30,万马科技,code,Done,300698,万马科技:关于拟续聘会计师事务所的公告
1506,AN202404081630048730,001002005001008002,2024-04-09,光威复材,code,Done,300699,光威复材:关于续聘2024年度会计师事务所的公告
1507,AN202403211627464513,001002005001008002,2024-03-22,广哈通信,code,Done,300711,广哈通信:关于拟续聘会计师事务所的公告
1508,AN202403261628192252,001002005001008002,2024-03-27,华宝股份,code,Done,300741,华宝股份:华宝香精股份有限公司关于拟续聘会计师事务所的公告
1509,AN202403141626747551,001002005001008002,2024-03-15,汉嘉设计,code,Done,300746,汉嘉设计:关于续聘中兴财光华会计师事务所(特殊普通合伙为本公司2024年度审计机构的公告
1510,AN202403281628448785,001002005001008002,2024-03-29,金力永磁,code,Done,300748,金力永磁:关于续聘会计师事务所的公告
1511,AN202403141626754347,001002005001008002,2024-03-15,新诺威,code,Done,300765,新诺威:关于续聘会计师事务所的公告
1512,AN202403251628093360,001002005001008002,2024-03-26,三只松鼠,code,Done,300783,三只松鼠:关于续聘会计师事务所的公告
1513,AN202403261628193408,001002005001008002,2024-03-27,米奥会展,code,Done,300795,米奥会展:关于续聘会计师事务所的公告
1514,AN202401261618342110,001002005001008002,2024-01-27,指南针,code,Done,300803,指南针:关于拟续聘会计师事务所的公告
1515,AN202403261628190811,001002005001008002,2024-03-27,东岳硅材,code,Done,300821,东岳硅材:关于公司拟续聘2024年度会计师事务所的公告
1516,AN202403281628447820,001002005001008002,2024-03-29,北鼎股份,code,Done,300824,北鼎股份:关于续聘会计师事务所的公告
1517,AN202404111630158846,001002005001008002,2024-04-12,新产业,code,Done,300832,新产业:关于续聘深圳大华国际会计师事务所为公司2024年度审计机构的公告
1518,AN202402281624001872,001002005001008002,2024-02-29,帝科股份,code,Done,300842,帝科股份:关于续聘会计师事务所的公告
1519,AN202403291629104119,001002005001008002,2024-03-30,四会富仕,code,"",300852,四会富仕:关于拟续聘会计师事务所的公告
1520,AN202403281628490827,001002005001008002,2024-03-29,南大环境,code,Done,300864,南大环境:关于拟续聘会计师事务所的公告
1521,AN202403281628452133,001002005001008002,2024-03-29,大宏立,code,Done,300865,大宏立:关于拟续聘2024年度会计师事务所的公告
1522,AN202403291629102445,001002005001008002,2024-03-30,蒙泰高新,code,"",300876,蒙泰高新:关于拟续聘会计师事务所的公告
1523,AN202403281628437675,001002005001008002,2024-03-29,山科智能,code,Done,300897,山科智能:关于续聘会计师事务所的公告
1524,AN202401231617950350,001002005001008002,2024-01-24,熊猫乳品,code,Done,300898,熊猫乳品:关于拟续聘会计师事务所的公告
1525,AN202403291629102161,001002005001008002,2024-03-30,中胤时尚,code,Done,300901,中胤时尚:关于续聘会计师事务所的公告
1526,AN202404081630049716,001002005001008002,2024-04-09,仲景食品,code,Done,300908,仲景食品:关于续聘会计师事务所的公告
1527,AN202403261628224250,001002005001008002,2024-03-27,瑞丰新材,code,Done,300910,瑞丰新材:关于拟续聘会计师事务所的公告
1528,AN202404091630084626,001002005001008002,2024-04-10,天秦装备,code,Done,300922,天秦装备:关于续聘2024年度会计师事务所的公告
1529,AN202403291629061837,001002005001008002,2024-03-30,博俊科技,code,Done,300926,博俊科技:关于续聘会计师事务所的公告
1530,AN202404091630085975,001002005001008002,2024-04-10,尤安设计,code,Done,300983,尤安设计:拟续聘会计师事务所的公告
1531,AN202404081630055831,001002005001008002,2024-04-09,金沃股份,code,"",300984,金沃股份:关于续聘会计师事务所的公告
1532,AN202404081630055629,001002005001008002,2024-04-09,创益通,code,Done,300991,创益通:关于续聘上会会计师事务所(特殊普通合伙为公司2024年度审计机构的公告
1533,AN202403221627627851,001002005001008002,2024-03-23,金龙鱼,code,Done,300999,金龙鱼:关于续聘2024会计师事务所的公告
1534,AN202404091630092034,001002005001008002,2024-04-10,肇民科技,code,Done,301000,肇民科技:关于续聘会计师事务所的公告
1535,AN202404111630157381,001002005001008002,2024-04-12,崧盛股份,code,Done,301002,崧盛股份:关于拟续聘会计师事务所的公告
1536,AN202403281628534364,001002005001008002,2024-03-29,雷尔伟,code,Done,301016,雷尔伟:关于续聘会计师事务所的公告
1537,AN202403291629102362,001002005001008002,2024-03-30,信濠光电,code,Done,301051,信濠光电:关于续聘2024年度会计师事务所的公告
1538,AN202404011629201347,001002005001008002,2024-04-02,大地海洋,code,Done,301068,大地海洋:关于续聘会计师事务所的公告
1539,AN202403211627465933,001002005001008002,2024-03-22,新瀚新材,code,Done,301076,新瀚新材:关于续聘会计师事务所的公告
1540,AN202404021629519946,001002005001008002,2024-04-03,邵阳液压,code,Done,301079,邵阳液压:关于续聘会计师事务所的公告
1541,AN202403291629074638,001002005001008002,2024-03-30,华研精机,code,Done,301138,华研精机:关于续聘2024年度会计师事务所的公告
1542,AN202404081630058343,001002005001008002,2024-04-09,中一科技,code,Done,301150,中一科技:关于续聘会计师事务所的公告
1543,AN202404111630162209,001002005001008002,2024-04-12,翔楼新材,code,Done,301160,翔楼新材:关于公司续聘会计师事务所的公告
1544,AN202404111630159611,001002005001008002,2024-04-12,大族数控,code,Done,301200,大族数控:关于续聘会计师事务所的公告
1545,AN202403071625962923,001002005001008002,2024-03-08,华融化学,code,Done,301256,华融化学:关于拟续聘会计师事务所的公告
1546,AN202404021629421262,001002005001008002,2024-04-03,珠城科技,code,Done,301280,珠城科技:关于续聘会计师事务所的公告
1547,AN202403281628452463,001002005001008002,2024-03-29,东利机械,code,Done,301298,东利机械:关于续聘会计师事务所的公告
1548,AN202403121626472763,001002005001008002,2024-03-13,信音电子,code,Done,301329,信音电子:关于续聘2024年度会计师事务所的公告
1549,AN202404111630158448,001002005001008002,2024-04-12,怡和嘉业,code,Done,301367,怡和嘉业:关于续聘会计师事务所的公告
1550,AN202403141626758563,001002005001008002,2024-03-15,隆扬电子,code,Done,301389,隆扬电子:关于续聘2024年度会计师事务所的公告
1551,AN202404081630054219,001002005001008002,2024-04-09,昊帆生物,code,Done,301393,昊帆生物:关于续聘会计师事务所的公告
1552,AN202404101630118058,001002005001008002,2024-04-11,溯联股份,code,Done,301397,溯联股份:关于续聘会计师事务所的公告
1553,AN202403281628531759,001002005001008002,2024-03-29,三态股份,code,Done,301558,三态股份:关于拟续聘2024年度会计师事务所的公告
1554,AN202404011629210341,001002005001008002,2024-04-02,贝隆精密,code,Done,301567,贝隆精密:关于续聘会计师事务所的公告
1555,AN202403221627639239,001002005001008002,2024-03-22,华岭股份,code,Done,430139,华岭股份:续聘会计师事务所公告
1556,AN202403081626035605,001002005001008002,2024-03-08,海能技术,code,Done,430476,海能技术:拟续聘2024年度会计师事务所公告
1557,AN202404111630149475,001002005001008002,2024-04-11,峆一药业,code,Done,430478,峆一药业:续聘2024年度会计师事务所公告
1558,AN202401171617589845,001002005001008002,2024-01-17,丰光精密,code,Done,430510,丰光精密:拟续聘2024年度会计师事务所公告
1559,AN202403281628435173,001002005001008002,2024-03-29,中国国贸,code,Done,600007,中国国贸:中国国贸关于续聘会计师事务所公告
1560,AN202403281628459486,001002005001008002,2024-03-29,民生银行,code,Done,600016,民生银行:中国民生银行关于续聘会计师事务所公告
1561,AN202403281628446667,001002005001008002,2024-03-29,日照港,code,Done,600017,日照港:日照港关于续聘会计师事务所的公告
1562,AN202403291629047660,001002005001008002,2024-03-30,上港集团,code,Done,600018,上港集团:上港集团续聘会计师事务所公告
1563,AN202404011629210868,001002005001008002,2024-04-02,上海电力,code,Done,600021,上海电力:上海电力股份有限公司关于续聘会计师事务所的公告
1564,AN202403271628309186,001002005001008002,2024-03-28,华电国际,code,Done,600027,华电国际:关于续聘会计师事务所的公告
1565,AN202403241628064580,001002005001008002,2024-03-25,中国石化,code,Done,600028,中国石化:关于续聘会计师事务所的公告
1566,AN202403151626865013,001002005001008002,2024-03-16,中直股份,code,Done,600038,中直股份:中航直升机股份有限公司关于续聘会计师事务所的公告
1567,AN202403191627209569,001002005001008002,2024-03-20,中国联通,code,Done,600050,中国联通:中国联合网络通信股份有限公司关于续聘会计师事务所的公告
1568,AN202403191627209599,001003002001,2024-03-20,中国联通,code,"",600050,中国联通:中国联合网络通信股份有限公司董事会审计委员会关于续聘会计师事务所的审核意见
1569,AN202403221627624124,001002005001008002,2024-03-23,万东医疗,code,Done,600055,万东医疗:万东医疗关于续聘会计师事务所的公告
1570,AN202403291629099397,001002005001008002,2024-03-30,海信视像,code,Done,600060,海信视像:海信视像关于续聘会计师事务所的公告
1571,AN202403211627463031,001002005001008002,2024-03-22,华润双鹤,code,Done,600062,华润双鹤:华润双鹤关于续聘会计师事务所公告
1572,AN202404011629209842,001002005001008002,2024-04-02,宇通客车,code,Done,600066,宇通客车:关于续聘会计师事务所的公告
1573,AN202403281628560014,001002005001008002,2024-03-29,人福医药,code,Done,600079,人福医药:人福医药关于续聘会计师事务所的公告
1574,AN202404081630058046,001002005001008002,2024-04-09,特变电工,code,Done,600089,特变电工:特变电工股份有限公司2024年度续聘会计师事务所的公告
1575,AN202404091630092012,001002005001008002,2024-04-10,广州发展,code,Done,600098,广州发展:广州发展集团股份有限公司续聘会计师事务所公告
1576,AN202403281628542629,001002005001008002,2024-03-29,明星电力,code,Done,600101,明星电力:四川明星电力股份有限公司关于续聘会计师事务所的公告
1577,AN202403291629045259,001002005001008002,2024-03-30,上汽集团,code,Done,600104,上汽集团:上汽集团关于续聘会计师事务所的公告
1578,AN202403281628531546,001002005001008002,2024-03-29,中国东航,code,Done,600115,中国东航:中国东方航空股份有限公司关于续聘2024年度会计师事务所的公告
1579,AN202403281628539382,001002005001008002,2024-03-29,太极集团,code,Done,600129,太极集团:太极集团关于续聘会计师事务所的公告
1580,AN202403291629056370,001002005001008002,2024-03-30,重庆啤酒,code,Done,600132,重庆啤酒:重庆啤酒股份有限公司关于续聘会计师事务所的公告
1581,AN202403281628478533,001002005001008002,2024-03-29,天坛生物,code,Done,600161,天坛生物:天坛生物续聘会计师事务所公告
1582,AN202404011629205341,001002005001008002,2024-04-02,上海贝岭,code,Done,600171,上海贝岭:上海贝岭续聘会计师事务所的公告
1583,AN202404111630158780,001002005001008002,2024-04-12,卧龙地产,code,Done,600173,卧龙地产:卧龙资源集团股份有限公司关于续聘会计师事务所的公告
1584,AN202403191627211868,001002005001008002,2024-03-20,中国巨石,code,Done,600176,中国巨石:中国巨石关于续聘会计师事务所的公告
1585,AN202403281628538820,001002005001008002,2024-03-29,生益科技,code,Done,600183,生益科技:生益科技关于续聘会计师事务所的公告
1586,AN202401111617254546,001002005001008002,2024-01-12,中牧股份,code,Done,600195,中牧股份:中牧实业股份有限公司关于续聘会计师事务所的公告
1587,AN202403261628190316,001002005001008002,2024-03-27,复星医药,code,Done,600196,复星医药:复星医药关于2024年续聘会计师事务所的公告
1588,AN202403291629063412,001002005001008002,2024-03-30,紫江企业,code,Done,600210,紫江企业:上海紫江企业集团股份有限公司关于续聘会计师事务所的公告
1589,AN202403261628184926,001002005001008002,2024-03-27,西藏药业,code,Done,600211,西藏药业:西藏诺迪康药业股份有限公司关于续聘会计师事务所的公告
1590,AN202404011629210465,001002005001008002,2024-04-02,金鹰股份,code,Done,600232,金鹰股份:关于公司续聘会计师事务所的公告
1591,AN202403281628442943,001003001001003,2024-03-29,首旅酒店,code,Done,600258,首旅酒店:北京首旅酒店(集团股份有限公司董事会审计委员会同意公司2024年续聘会计师事务所的意见
1592,AN202403281628442982,001002005001008002,2024-03-29,首旅酒店,code,Done,600258,首旅酒店:北京首旅酒店(集团股份有限公司关于续聘会计师事务所的公告
1593,AN202403291629041711,001001001001005,2024-03-30,开开实业,code,"",600272,开开实业:拟续聘2024年度财务报表审计和内部控制审计会计师事务所的公告
1594,AN202403281628447448,001002005001008002,2024-03-29,大恒科技,code,Done,600288,大恒科技:大恒新纪元科技股份有限公司关于续聘会计师事务所的公告
1595,AN202403291629045894,001002005001008002,2024-03-30,远达环保,code,Done,600292,远达环保:远达环保关于续聘会计师事务所的公告
1596,AN202403151626863451,001002005001008002,2024-03-16,洪都航空,code,Done,600316,洪都航空:江西洪都航空工业股份有限公司关于续聘会计师事务所的公告
1597,AN202403211627465873,001002005001008002,2024-03-22,新力金融,code,Done,600318,新力金融:安徽新力金融股份有限公司关于续聘会计师事务所的公告
1598,AN202404081630053667,001002005001008002,2024-04-09,亚星化学,code,Done,600319,亚星化学:潍坊亚星化学股份有限公司关于续聘2024年度会计师事务所的公告
1599,AN202404091630082336,001002005001008002,2024-04-10,恒力石化,code,Done,600346,恒力石化:恒力石化关于续聘会计师事务所的公告
1600,AN202403211627466059,001002005001008002,2024-03-22,敦煌种业,code,Done,600354,敦煌种业:甘肃省敦煌种业集团股份有限公司关于续聘会计师事务所的公告
1601,AN202403151626835466,001002005001008002,2024-03-16,中航机载,code,Done,600372,中航机载:中航机载关于续聘会计师事务所的公告
1602,AN202404021629429858,001002005001008002,2024-04-03,健康元,code,Done,600380,健康元:健康元药业集团股份有限公司关于续聘会计师事务所的公告
1603,AN202403141626761880,001002005001008002,2024-03-15,金地集团,code,Done,600383,金地集团:关于续聘会计师事务所的公告
1604,AN202403221627628224,001002005001008002,2024-03-23,龙净环保,code,"",600388,龙净环保:关于续聘会计师事务所的公告
1605,AN202403291629048505,001002005001008002,2024-03-30,抚顺特钢,code,Done,600399,抚顺特钢:关于续聘会计师事务所的公告
1606,AN202403291629062449,001002005001008002,2024-03-30,大有能源,code,Done,600403,大有能源:河南大有能源股份有限公司关于续聘会计师事务所的公告
1607,AN202404021629500029,001002005001008002,2024-04-03,安泰集团,code,Done,600408,安泰集团:安泰集团关于续聘会计师事务所的公告
1608,AN202404091630086489,001002005001008002,2024-04-10,湘电股份,code,Done,600416,湘电股份:湘潭电机股份有限公司续聘会计师事务所公告
1609,AN202403291629055237,001002005001008002,2024-03-30,国药现代,code,Done,600420,国药现代:关于续聘2024年度会计师事务所的公告
1610,AN202403251628080435,001002005001008002,2024-03-26,青松建化,code,Done,600425,青松建化:青松建化关于续聘会计师事务所的公告
1611,AN202403271628366161,001002005001008002,2024-03-28,中远海特,code,Done,600428,中远海特:中远海运特种运输股份有限公司关于续聘2024年度会计师事务所的公告
1612,AN202404101630115531,001002005001008002,2024-04-11,国机通用,code,Done,600444,国机通用:国机通用关于续聘会计师事务所的公告
1613,AN202404081630052478,001002005001008002,2024-04-09,士兰微,code,Done,600460,士兰微:杭州士兰微电子股份有限公司关于续聘会计师事务所的公告
1614,AN202403291629101778,001002005001008002,2024-03-30,杭萧钢构,code,Done,600477,杭萧钢构:杭萧钢构关于续聘会计师事务所的公告
1615,AN202403281628444367,001002005001008002,2024-03-29,津药药业,code,Done,600488,津药药业:津药药业股份有限公司关于续聘会计师事务所的公告
1616,AN202403291629054602,001002005001008002,2024-03-30,凤竹纺织,code,Done,600493,凤竹纺织:凤竹纺织关于续聘会计师事务所的公告
1617,AN202403251628098826,001002005001008002,2024-03-26,科达制造,code,Done,600499,科达制造:科达制造股份有限公司关于续聘会计师事务所的公告
1618,AN202403201627319131,001002005001008002,2024-03-21,上海能源,code,Done,600508,上海能源:上海能源关于续聘会计师事务所的公告
1619,AN202403201627328730,001002005001008002,2024-03-21,国药股份,code,Done,600511,国药股份:国药股份关于续聘2024年度会计师事务所的公告
1620,AN202403291629099788,001002005001008002,2024-03-30,*ST莫高,code,Done,600543,*ST莫高:莫高股份关于续聘会计师事务所的公告
1621,AN202403281628531418,001002005001008002,2024-03-29,山东黄金,code,Done,600547,山东黄金:山东黄金矿业股份有限公司关于续聘会计师事务所的公告
1622,AN202403221627624740,001002005001008002,2024-03-23,深高速,code,Done,600548,深高速:关于续聘2024年度会计师事务所的公告
1623,AN202403101626200692,001002005001008002,2024-03-11,康缘药业,code,Done,600557,康缘药业:江苏康缘药业股份有限公司关于续聘会计师事务所的公告
1624,AN202403281628434446,001002005001008002,2024-03-29,金自天正,code,Done,600560,金自天正:北京金自天正智能控制股份有限公司关于续聘会计师事务所的公告
1625,AN202403221627624753,001002005001008002,2024-03-23,法拉电子,code,Done,600563,法拉电子:关于续聘会计师事务所并确定其报酬的公告
1626,AN202404091630089121,001002005001008002,2024-04-10,济川药业,code,Done,600566,济川药业:湖北济川药业股份有限公司关于续聘会计师事务所的公告
1627,AN202403241628064549,001002005001008002,2024-03-25,恒生电子,code,Done,600570,恒生电子:恒生电子股份有限公司关于续聘会计师事务所的公告
1628,AN202403291629111977,001002005001008002,2024-03-30,祥源文旅,code,Done,600576,祥源文旅:关于续聘会计师事务所的公告
1629,AN202403181626977019,001002005001008002,2024-03-19,精达股份,code,Done,600577,精达股份:精达股份关于续聘会计师事务所的公告
1630,AN202403181626984950,001002005001008002,2024-03-19,海油工程,code,Done,600583,海油工程:海油工程关于续聘会计师事务所的公告
1631,AN202403291629048880,001002005001008002,2024-03-30,用友网络,code,Done,600588,用友网络:用友网络关于续聘会计师事务所的公告
1632,AN202403281628452373,001002005001008002,2024-03-29,北大荒,code,Done,600598,北大荒:黑龙江北大荒农业股份有限公司关于续聘会计师事务所的公告
1633,AN202403291629049636,001002005001008002,2024-03-30,方正科技,code,Done,600601,方正科技:方正科技关于续聘会计师事务所的公告
1634,AN202403041625395573,001002005001008002,2024-03-05,汇通能源,code,Done,600605,汇通能源:关于续聘会计师事务所的公告
1635,AN202404021629520189,001002005001008002,2024-04-03,天宸股份,code,Done,600620,天宸股份:上海市天宸股份有限公司关于续聘会计师事务所公告
1636,AN202403291629049325,001002005001008002,2024-03-30,华建集团,code,Done,600629,华建集团:华东建筑集团股份有限公司关于续聘会计师事务所的公告
1637,AN202403281628440656,001002005001008002,2024-03-29,大众公用,code,Done,600635,大众公用:上海大众公用事业(集团股份有限公司关于续聘会计事务所的公告
1638,AN202404111630159908,001002005001008002,2024-04-12,浦东金桥,code,Done,600639,浦东金桥:浦东金桥关于续聘会计师事务所的公告
1639,AN202403291629062256,001002005001008002,2024-03-30,乐山电力,code,Done,600644,乐山电力:乐山电力股份有限公司关于续聘中天运会计师事务所为公司2024年度财务审计机构和内部控制审计机构的公告
1640,AN202403291629058622,001003002001,2024-03-30,城投控股,code,"",600649,城投控股:上海城投控股股份有限公司审计委员会关于续聘会计师事务所的审核意见
1641,AN202403291629058627,001002005001008002,2024-03-30,城投控股,code,Done,600649,城投控股:上海城投控股股份有限公司关于续聘会计师事务所的公告
1642,AN202403291629047811,001002005001008002,2024-03-30,飞乐音响,code,Done,600651,飞乐音响:飞乐音响续聘会计师事务所的公告
1643,AN202403291629090803,001002005001008002,2024-03-30,ST中安,code,Done,600654,ST中安:关于续聘会计师事务所的公告
1644,AN202403211627460134,001002005001008002,2024-03-22,豫园股份,code,Done,600655,豫园股份:上海豫园旅游商城(集团股份有限公司关于支付2023年度内控审计会计师事务所报酬与2024年续聘内控审计会计师事务所的公告
1645,AN202403211627460130,001002005001008002,2024-03-22,豫园股份,code,Done,600655,豫园股份:上海豫园旅游商城(集团股份有限公司关于支付2023年度会计师事务所报酬与2024年续聘会计师事务所的公告
1646,AN202403151626835049,001002005001008002,2024-03-16,福耀玻璃,code,Done,600660,福耀玻璃:福耀玻璃关于续聘会计师事务所的公告
1647,AN202403291629102229,001002005001008002,2024-03-30,东阳光,code,Done,600673,东阳光:东阳光关于续聘“天健会计师事务所(特殊普通合伙”为公司2024年度财务审计和内控审计机构的公告
1648,AN202403281628438887,001002005001008002,2024-03-29,交运股份,code,Done,600676,交运股份:上海交运集团股份有限公司续聘会计师事务所公告
1649,AN202403201627327593,001002005001008002,2024-03-21,上海石化,code,Done,600688,上海石化:上海石化关于续聘会计师事务所的公告
1650,AN202403191627175747,001002005001008002,2024-03-20,舍得酒业,code,Done,600702,舍得酒业:舍得酒业关于续聘会计师事务所的公告
1651,AN202404071630035693,001002005001008002,2024-04-08,南京医药,code,Done,600713,南京医药:南京医药续聘会计师事务所公告
1652,AN202403281628442490,001002005001008002,2024-03-29,云维股份,code,Done,600725,云维股份:云维股份关于续聘会计师事务所的公告
1653,AN202404081630061296,001002005001008002,2024-04-09,佳都科技,code,Done,600728,佳都科技:佳都科技关于续聘会计师事务所的公告
1654,AN202404011629210421,001002005001008002,2024-04-02,湖南海利,code,Done,600731,湖南海利:湖南海利关于续聘会计师事务所的公告
1655,AN202403271628309902,001002005001008002,2024-03-28,一汽富维,code,Done,600742,一汽富维:关于续聘会计师事务所的公告
1656,AN202404091630084016,001002005001008002,2024-04-10,西藏旅游,code,Done,600749,西藏旅游:西藏旅游2024年度续聘会计师事务所的公告
1657,AN202403281628448530,001002005001008002,2024-03-29,南京熊猫,code,Done,600775,南京熊猫:南京熊猫续聘会计师事务所公告
1658,AN202403211627438768,001002005001008002,2024-03-22,新华百货,code,Done,600785,新华百货:银川新华百货商业集团股份有限公司关于续聘会计师事务所的公告
1659,AN202403281628531454,001002005001008002,2024-03-29,华新水泥,code,Done,600801,华新水泥:华新水泥关于续聘公司2024年度财务审计和内部控制审议会计师事务所的公告
1660,AN202403221627618147,001002005001008002,2024-03-23,新奥股份,code,Done,600803,新奥股份:新奥股份关于续聘会计师事务所的公告
1661,AN202404011629207010,001002005001008002,2024-04-02,宇通重工,code,Done,600817,宇通重工:关于续聘会计师事务所的公告
1662,AN202404101630118603,001002005001008002,2024-04-11,兰生股份,code,Done,600826,兰生股份:东浩兰生会展集团股份有限公司关于续聘会计师事务所的公告
1663,AN202403271628308290,001002005001008002,2024-03-28,人民同泰,code,Done,600829,人民同泰:关于续聘会计师事务所的公告
1664,AN202403291629036776,001002005001008002,2024-03-30,第一医药,code,Done,600833,第一医药:上海第一医药股份有限公司关于续聘财务报告审计会计师事务所的公告
1665,AN202403291629036779,001002005001008002,2024-03-30,第一医药,code,Done,600833,第一医药:上海第一医药股份有限公司关于续聘内部控制审计会计师事务所的公告
1666,AN202403221627615754,001002005001008002,2024-03-23,上海机电,code,"",600835,上海机电:上海机电关于续聘会计师事务所的公告
1667,AN202403281628476152,001002005001008002,2024-03-29,海通证券,code,Done,600837,海通证券:海通证券股份有限公司关于续聘会计师事务所的公告
1668,AN202403291629051879,001002005001008002,2024-03-30,上海九百,code,Done,600838,上海九百:上海九百关于续聘会计师事务所的公告
1669,AN202404011629218213,001002005001008002,2024-04-02,电科数字,code,Done,600850,电科数字:中电科数字技术股份有限公司关于续聘会计师事务所的公告
1670,AN202403271628321220,001002005001008002,2024-03-28,银座股份,code,Done,600858,银座股份:银座股份关于续聘会计师事务所的公告
1671,AN202403151626840665,001002005001008002,2024-03-16,中航高科,code,Done,600862,中航高科:中航高科关于续聘会计师事务所的公告
1672,AN202403281628499849,001002005001008002,2024-03-29,通化东宝,code,Done,600867,通化东宝:通化东宝关于续聘会计师事务所的公告
1673,AN202404091630090646,001002005001008002,2024-04-10,远东股份,code,Done,600869,远东股份:关于续聘会计师事务所的公告
1674,AN202403261628185111,001002005001008002,2024-03-27,石化油服,code,Done,600871,石化油服:关于续聘会计师事务所的公告
1675,AN202403291629101940,001002005001008002,2024-03-30,中炬高新,code,Done,600872,中炬高新:中炬高新关于续聘会计师事务所的公告
1676,AN202403251628084748,001002005001008002,2024-03-26,妙可蓝多,code,Done,600882,妙可蓝多:关于续聘会计师事务所的公告
1677,AN202403281628443481,001002005001008002,2024-03-29,南京化纤,code,Done,600889,南京化纤:关于公司续聘会计师事务所的公告(2024-008
1678,AN202403291629045125,001002005001008002,2024-03-30,张江高科,code,Done,600895,张江高科:关于续聘会计师事务所的公告
1679,AN202403291629039899,001002005001008002,2024-03-30,无锡银行,code,Done,600908,无锡银行:关于续聘会计师事务所的公告
1680,AN202403281628460614,001002005001008002,2024-03-29,华安证券,code,Done,600909,华安证券:华安证券股份有限公司关于续聘会计师事务所的公告
1681,AN202403211627462809,001002005001008002,2024-03-22,中国海油,code,Done,600938,中国海油:中国海洋石油有限公司关于续聘会计师事务所的公告
1682,AN202403211627436246,001002005001008002,2024-03-22,中国移动,code,Done,600941,中国移动:关于续聘会计师事务所的公告
1683,AN202403181626972621,001002005001008002,2024-03-19,维远股份,code,Done,600955,维远股份:利华益维远化学股份有限公司关于续聘会计师事务所公告
1684,AN202403291629061008,001002005001008002,2024-03-30,国投中鲁,code,Done,600962,国投中鲁:国投中鲁关于续聘会计师事务所的公告
1685,AN202403141626762549,001002005001008002,2024-03-15,宝胜股份,code,Done,600973,宝胜股份:关于续聘会计师事务所的公告
1686,AN202404081630051666,001002005001008002,2024-04-09,北矿科技,code,Done,600980,北矿科技:北矿科技关于续聘会计师事务所的公告
1687,AN202402271623746015,001002005001008002,2024-02-28,浙文互联,code,Done,600986,浙文互联:浙文互联关于续聘会计师事务所的公告
1688,AN202403291629045811,001002005001008002,2024-03-30,航民股份,code,Done,600987,航民股份:航民股份关于续聘会计师事务所公告
1689,AN202403211627439631,001002005001008002,2024-03-22,宝丰能源,code,Done,600989,宝丰能源:宁夏宝丰能源集团股份有限公司关于续聘会计师事务所的公告
1690,AN202403291629053383,001002005001008002,2024-03-30,贵绳股份,code,Done,600992,贵绳股份:贵州钢绳股份有限公司关于续聘会计师事务所的公告
1691,AN202403291629070234,001002005001008002,2024-03-30,南网储能,code,Done,600995,南网储能:南方电网储能股份有限公司关于续聘会计师事务所的公告
1692,AN202403281628437001,001002005001008002,2024-03-29,唐山港,code,Done,601000,唐山港:唐山港集团股份有限公司关于续聘会计师事务所的公告
1693,AN202403281628554456,001002005001008002,2024-03-29,中信建投,code,Done,601066,中信建投:关于续聘会计师事务所的公告
1694,AN202403281628581605,001002005001008002,2024-03-29,中铝国际,code,Done,601068,中铝国际:中铝国际工程股份有限公司续聘会计师事务所公告
1695,AN202403281628531156,001002005001008002,2024-03-29,渝农商行,code,Done,601077,渝农商行:重庆农村商业银行股份有限公司关于续聘会计师事务所的公告
1696,AN202403291629085668,001002005001008002,2024-03-30,锦江航运,code,Done,601083,锦江航运:锦江航运续聘会计师事务所的公告
1697,AN202403311629187854,001002005001008002,2024-04-01,福元医药,code,Done,601089,福元医药:北京福元医药股份有限公司关于续聘会计师事务所的公告
1698,AN202403281628477283,001002005001008002,2024-03-29,中国国航,code,Done,601111,中国国航:中国国际航空股份有限公司关于续聘会计师事务所的公告
1699,AN202403191627144008,001002005001008002,2024-03-20,四方股份,code,Done,601126,四方股份:四方股份关于续聘2024年度会计师事务所的公告
1700,AN202403211627462746,001002005001008002,2024-03-22,常熟银行,code,Done,601128,常熟银行:江苏常熟农村商业银行股份有限公司续聘会计师事务所公告
1701,AN202403281628452825,001002005001008002,2024-03-29,兴业银行,code,"",601166,兴业银行:兴业银行关于续聘会计师事务所的公告
1702,AN202404111630158576,001002005001008002,2024-04-12,北京银行,code,Done,601169,北京银行:北京银行股份有限公司关于续聘会计师事务所的公告
1703,AN202404101630119058,001002005001008002,2024-04-11,中国西电,code,Done,601179,中国西电:中国西电关于续聘会计师事务所的公告
1704,AN202403291629051255,001002005001008002,2024-03-30,龙江交通,code,Done,601188,龙江交通:龙江交通关于续聘会计师事务所的公告
1705,AN202403281628492877,001002005001008002,2024-03-29,国泰君安,code,Done,601211,国泰君安:国泰君安证券股份有限公司关于续聘会计师事务所的公告
1706,AN202403151626837804,001002005001008002,2024-03-16,吉鑫科技,code,Done,601218,吉鑫科技:江苏吉鑫风能科技股份有限公司关于续聘会计师事务所的公告
1707,AN202404081630051656,001002005001008002,2024-04-09,广州港,code,Done,601228,广州港:广州港股份有限公司关于续聘会计师事务所的公告
1708,AN202404011629207929,001002005001008002,2024-04-02,环旭电子,code,Done,601231,环旭电子:关于续聘会计事务所的公告
1709,AN202403291629058042,001002005001008002,2024-03-30,红塔证券,code,Done,601236,红塔证券:红塔证券股份有限公司关于续聘会计师事务所的公告
1710,AN202403291629051156,001002005001008002,2024-03-30,英利汽车,code,Done,601279,英利汽车:长春英利汽车工业股份有限公司关于续聘会计师事务所的公告
1711,AN202403211627467302,001002005001008002,2024-03-22,中国平安,code,Done,601318,中国平安:中国平安关于建议续聘会计师事务所的公告
1712,AN202403271628310868,001002005001008002,2024-03-28,交通银行,code,Done,601328,交通银行:交通银行续聘会计师事务所公告
1713,AN202403281628451398,001002005001008002,2024-03-29,绿色动力,code,Done,601330,绿色动力:关于续聘会计师事务所的公告
1714,AN202403271628310697,001002005001008002,2024-03-28,新华保险,code,Done,601336,新华保险:新华保险建议续聘2024年度会计师事务所的公告
1715,AN202403291629045318,001002005001008002,2024-03-30,会稽山,code,Done,601579,会稽山:会稽山绍兴酒股份有限公司关于续聘会计师事务所的公告
1716,AN202403221627626025,001002005001008002,2024-03-23,中国外运,code,Done,601598,中国外运:关于续聘会计师事务所的公告
1717,AN202403151626841554,001002005001008002,2024-03-16,中信重工,code,Done,601608,中信重工:中信重工关于续聘会计师事务所的公告
1718,AN202403281628441121,001002005001008002,2024-03-29,广电电气,code,Done,601616,广电电气:关于续聘会计师事务所的公告
1719,AN202403281628444404,001002005001008002,2024-03-29,中国中冶,code,Done,601618,中国中冶:中国中冶关于续聘会计师事务所的公告
1720,AN202403281628473715,001002005001008002,2024-03-29,长城汽车,code,"",601633,长城汽车:长城汽车股份有限公司关于续聘会计师事务所的公告
1721,AN202403281628443531,001002005001008002,2024-03-29,华泰证券,code,Done,601688,华泰证券:华泰证券股份有限公司关于续聘会计师事务所的公告
1722,AN202403281628473699,001002005001008002,2024-03-29,上海电气,code,Done,601727,上海电气:上海电气关于续聘会计师事务所的公告
1723,AN202403261628180602,001002005001008002,2024-03-27,中国电信,code,Done,601728,中国电信:中国电信股份有限公司关于续聘会计师事务所的公告
1724,AN202403261628180580,001003002001,2024-03-27,中国电信,code,Done,601728,中国电信:中国电信股份有限公司董事会审核委员会关于续聘2024年度会计师事务所的审核意见
1725,AN202404071630036811,001002005001008002,2024-04-08,中国交建,code,Done,601800,中国交建:中国交建关于续聘会计师事务所的公告
1726,AN202403261628193794,001002005001008002,2024-03-27,中海油服,code,Done,601808,中海油服:中海油服关于续聘会计师事务所的公告
1727,AN202403251628100032,001002005001008002,2024-03-26,中国石油,code,Done,601857,中国石油:中国石油天然气股份有限公司关于续聘会计师事务所的公告
1728,AN202403261628184157,001002005001008002,2024-03-27,福莱特,code,Done,601865,福莱特:福莱特玻璃集团股份有限公司关于续聘2024年会计师事务所的公告
1729,AN202403281628554866,001002005001008002,2024-03-29,中远海发,code,Done,601866,中远海发:中远海发关于续聘会计师事务所的公告
1730,AN202403281628531157,001002005001008002,2024-03-29,中国能建,code,Done,601868,中国能建:中国能源建设股份有限公司关于续聘2024年度会计师事务所的公告
1731,AN202404101630110668,001002005001008002,2024-04-11,浙商证券,code,Done,601878,浙商证券:浙商证券股份有限公司关于续聘会计师事务所的公告
1732,AN202403281628450486,001002005001008002,2024-03-29,中国银河,code,Done,601881,中国银河:关于续聘会计师事务所的公告
1733,AN202403271628309581,001002005001008002,2024-03-28,中国中免,code,Done,601888,中国中免:中国旅游集团中免股份有限公司关于续聘会计师事务所的公告
1734,AN202403221627627723,001002005001008002,2024-03-23,紫金矿业,code,Done,601899,紫金矿业:紫金矿业集团股份有限公司关于续聘会计师事务所的公告
1735,AN202403191627209366,001002005001008002,2024-03-20,方正证券,code,"",601901,方正证券:关于续聘会计师事务所的公告
1736,AN202403281628510846,001002005001008002,2024-03-29,浙商银行,code,Done,601916,浙商银行:浙商银行股份有限公司关于续聘会计师事务所的公告
1737,AN202403201627314248,001002005001008002,2024-03-21,新集能源,code,Done,601918,新集能源:新集能源关于续聘会计师事务所的公告
1738,AN202403281628557344,001002005001008002,2024-03-29,中远海控,code,Done,601919,中远海控:中远海控关于续聘会计师事务所的公告
1739,AN202404111630155517,001002005001008002,2024-04-12,吉视传媒,code,Done,601929,吉视传媒:吉视传媒股份有限公司关于续聘会计师事务所的公告
1740,AN202403281628494153,001002005001008002,2024-03-29,建设银行,code,Done,601939,建设银行:建设银行关于续聘会计师事务所的公告
1741,AN202404031629710891,001002005001008002,2024-04-04,东贝集团,code,Done,601956,东贝集团:湖北东贝机电集团股份有限公司关于续聘会计师事务所的公告
1742,AN202404021629427712,001002005001008002,2024-04-03,金钼股份,code,Done,601958,金钼股份:金钼股份续聘会计师事务所公告
1743,AN202403271628310593,001002005001008002,2024-03-28,重庆银行,code,"",601963,重庆银行:关于续聘会计师事务所的公告
1744,AN202403281628471256,001002005001008002,2024-03-29,中国银行,code,Done,601988,中国银行:中国银行股份有限公司关于续聘会计师事务所的公告
1745,AN202403221627635373,001002005001008002,2024-03-23,大唐发电,code,Done,601991,大唐发电:大唐发电关于续聘会计师事务所的公告
1746,AN202403211627462717,001002005001008002,2024-03-22,中信银行,code,Done,601998,中信银行:中信银行股份有限公司续聘会计师事务所公告
1747,AN202404021629425076,001002005001008002,2024-04-03,北特科技,code,Done,603009,北特科技:北特科技关于续聘会计师事务所的公告
1748,AN202403251628075879,001002005001008002,2024-03-26,万盛股份,code,Done,603010,万盛股份:浙江万盛股份有限公司关于续聘会计师事务所的公告
1749,AN202403281628434512,001002005001008002,2024-03-29,亚普股份,code,Done,603013,亚普股份:亚普汽车部件股份有限公司关于续聘信永中和会计师事务所(特殊普通合伙担任公司2024年度财务审计机构与内控审计机构的公告
1750,AN202403271628341313,001002005001008002,2024-03-28,华设集团,code,Done,603018,华设集团:关于续聘会计师事务所的公告
1751,AN202404091630083576,001002005001008002,2024-04-10,德新科技,code,Done,603032,德新科技:德力西新能源科技股份有限公司2024年度续聘会计师事务所的公告
1752,AN202404111630148371,001002005001008002,2024-04-12,如通股份,code,Done,603036,如通股份:如通股份关于续聘会计师事务所的公告
1753,AN202403281628472713,001002005001008002,2024-03-29,泛微网络,code,Done,603039,泛微网络:泛微网络关于续聘会计师事务所的公告
1754,AN202403281628450662,001002005001008002,2024-03-29,广州酒家,code,Done,603043,广州酒家:关于续聘会计师事务所的公告
1755,AN202404081630058285,001002005001008002,2024-04-09,台华新材,code,Done,603055,台华新材:浙江台华新材料股份有限公司关于续聘2024年度会计师事务所的公告
1756,AN202403281628478570,001002005001008002,2024-03-29,永吉股份,code,"",603058,永吉股份:贵州永吉印务股份有限公司关于续聘会计师事务所的公告
1757,AN202404091630082067,001002005001008002,2024-04-10,振华股份,code,Done,603067,振华股份:振华股份关于续聘会计师事务所的公告
1758,AN202403291629040708,001002005001008002,2024-03-30,宏盛股份,code,Done,603090,宏盛股份:宏盛股份关于续聘会计师事务所的公告
1759,AN202403081626039770,001002005001008002,2024-03-09,南华期货,code,Done,603093,南华期货:南华期货股份有限公司续聘会计师事务所公告
1760,AN202404111630149098,001002005001008002,2024-04-12,百合股份,code,Done,603102,百合股份:威海百合生物技术股份有限公司关于续聘会计师事务所的公告
1761,AN202403071625963246,001003003004,2024-03-08,横店影视,code,Done,603103,横店影视:横店影视股份有限公司关于续聘立信会计师事务所(特殊普通合伙为公司2024年度财务及内部控制审计机构的公告
1762,AN202403291629057186,001002005001008002,2024-03-30,芯能科技,code,Done,603105,芯能科技:浙江芯能光伏科技股份有限公司关于续聘会计师事务所的公告
1763,AN202403271628325097,001002005001008002,2024-03-28,东方材料,code,Done,603110,东方材料:新东方新材料股份有限公司关于续聘会计师事务所的公告
1764,AN202403281628443183,001002005001008002,2024-03-29,昭衍新药,code,Done,603127,昭衍新药:北京昭衍新药研究中心股份有限公司关于续聘2024年度会计师事务所的公告
1765,AN202404101630114573,001002005001008002,2024-04-11,云中马,code,Done,603130,云中马:浙江云中马股份有限公司关于续聘会计师事务所的公告
1766,AN202403291629047386,001002005001008002,2024-03-30,圣晖集成,code,Done,603163,圣晖集成:圣晖集成关于续聘会计师事务所的公告
1767,AN202402271623748972,001002005001008002,2024-02-28,荣晟环保,code,Done,603165,荣晟环保:浙江荣晟环保纸业股份有限公司关于续聘会计师事务所的公告
1768,AN202404091630091386,001002005001008002,2024-04-10,渤海轮渡,code,Done,603167,渤海轮渡:渤海轮渡集团股份有限公司关于续聘会计师事务所的公告
1769,AN202403251628078838,001002005001008002,2024-03-26,新泉股份,code,"",603179,新泉股份:江苏新泉汽车饰件股份有限公司关于续聘会计师事务所的公告
1770,AN202403211627460101,001002005001008002,2024-03-22,海容冷链,code,Done,603187,海容冷链:关于续聘会计师事务所的公告
1771,AN202403181626981324,001002005001008002,2024-03-19,上海洗霸,code,Done,603200,上海洗霸:上海洗霸科技股份有限公司关于续聘会计师事务所的公告
1772,AN202404021629425907,001002005001008002,2024-04-03,爱婴室,code,Done,603214,爱婴室:关于2024年度续聘会计师事务所的公告
1773,AN202403250109219715,001002005001008002,2024-03-26,新凤鸣,code,"",603225,新凤鸣:关于续聘会计师事务所的公告
1774,AN202403281628482514,001002005001008002,2024-03-29,电魂网络,code,Done,603258,电魂网络:关于续聘会计师事务所的公告
1775,AN202403181626985053,001002005001008002,2024-03-19,药明康德,code,Done,603259,药明康德:关于续聘2024年度会计师事务所的公告
1776,AN202403251628085093,001002005001008002,2024-03-26,鸿远电子,code,Done,603267,鸿远电子:鸿远电子关于续聘会计师事务所的公告
1777,AN202404091630084356,001002005001008002,2024-04-10,松发股份,code,Done,603268,松发股份:关于续聘会计师事务所的公告
1778,AN202403271628311403,001002005001008002,2024-03-28,江瀚新材,code,Done,603281,江瀚新材:续聘会计师事务所公告
1779,AN202404071630035701,001002005001008002,2024-04-08,斯达半导,code,Done,603290,斯达半导:关于续聘会计师事务所的公告
1780,AN202403271628321124,001002005001008002,2024-03-28,天味食品,code,Done,603317,天味食品:关于续聘会计师事务所的公告
1781,AN202404081630061911,001002005001008002,2024-04-09,迪生力,code,Done,603335,迪生力:迪生力关于续聘会计师事务所的公告
1782,AN202404111630156126,001002005001008002,2024-04-12,顶点软件,code,Done,603383,顶点软件:顶点软件关于续聘会计师事务所的公告
1783,AN202403281628441503,001002005001008002,2024-03-29,万泰生物,code,Done,603392,万泰生物:万泰生物关于续聘容诚会计师事务所(特殊普通合伙为公司2024年度审计机构和内部控制审计机构的公告
1784,AN202403291629053706,001002005001008002,2024-03-30,建霖家居,code,Done,603408,建霖家居:厦门建霖健康家居股份有限公司关于续聘2024年度会计师事务所的公告
1785,AN202404081630052728,001002005001008002,2024-04-09,九洲药业,code,Done,603456,九洲药业:浙江九洲药业股份有限公司关于续聘会计师事务所的公告
1786,AN202403221627622982,001002005001008002,2024-03-23,巨星农牧,code,Done,603477,巨星农牧:乐山巨星农牧股份有限公司关于续聘会计师事务所的公告
1787,AN202403271628310944,001002005001008002,2024-03-28,展鹏科技,code,Done,603488,展鹏科技:展鹏科技股份有限公司关于续聘会计师事务所的公告
1788,AN202403281628441989,001002005001008002,2024-03-29,祥和实业,code,Done,603500,祥和实业:浙江天台祥和实业股份有限公司关于续聘会计师事务所的公告
1789,AN202403281628439599,001002005001008002,2024-03-29,金石资源,code,Done,603505,金石资源:金石资源集团股份有限公司关于续聘会计师事务所的公告
1790,AN202403281628439934,001002005001008002,2024-03-29,惠发食品,code,Done,603536,惠发食品:惠发食品关于续聘会计师事务所的公告
1791,AN202403151626836313,001002005001008002,2024-03-16,健盛集团,code,Done,603558,健盛集团:健盛集团关于续聘会计师事务所的公告
1792,AN202403261628183817,001002005001008002,2024-03-27,中谷物流,code,Done,603565,中谷物流:关于续聘会计师事务所的公告
1793,AN202403261628180733,001002005001008002,2024-03-27,汇金通,code,Done,603577,汇金通:汇金通关于续聘会计师事务所的公告
1794,AN202403271628343376,001002005001008002,2024-03-28,伯特利,code,Done,603596,伯特利:伯特利关于拟续聘2024年年审会计师事务所的公告
1795,AN202403201627326109,001002005001008002,2024-03-21,东方电缆,code,Done,603606,东方电缆:东方电缆关于续聘天健会计师事务所(特殊普通合伙为公司2024年度审计机构的公告
1796,AN202403191627141173,001002005001008002,2024-03-20,茶花股份,code,Done,603615,茶花股份:关于续聘会计师事务所的公告
1797,AN202403181626982546,001002005001008002,2024-03-19,火炬电子,code,"",603678,火炬电子:火炬电子关于续聘会计师事务所的公告
1798,AN202403291629046870,001002005001008002,2024-03-30,锦和商管,code,Done,603682,锦和商管:上海锦和商业经营管理股份有限公司关于续聘2024年度会计师事务所的公告
1799,AN202403151626836675,001002005001008002,2024-03-16,有友食品,code,Done,603697,有友食品:有友食品续聘会计师事务所公告
1800,AN202403271628310700,001002005001008002,2024-03-28,七一二,code,Done,603712,七一二:天津七一二通信广播股份有限公司关于续聘会计师事务所的公告
1801,AN202404111630162579,001002005001008002,2024-04-12,密尔克卫,code,"",603713,密尔克卫:密尔克卫智能供应链服务集团股份有限公司关于续聘会计师事务所的公告
1802,AN202403291629043679,001002005001008002,2024-03-30,中马传动,code,Done,603767,中马传动:关于续聘会计师事务所的公告
1803,AN202404011629202099,001002005001008002,2024-04-02,常青股份,code,Done,603768,常青股份:常青股份关于续聘会计师事务所的公告
1804,AN202403281628438739,001002005001008002,2024-03-29,联泰环保,code,Done,603797,联泰环保:关于续聘会计师事务所的公告
1805,AN202404111630160514,001002005001008002,2024-04-12,福斯特,code,"",603806,福斯特:关于公司续聘会计师事务所的公告
1806,AN202403281628440581,001002005001008002,2024-03-29,华荣股份,code,Done,603855,华荣股份:关于续聘立信会计师事务所为公司审计机构的公告
1807,AN202401161617515525,001002005001008002,2024-01-17,中公高科,code,Done,603860,中公高科:中公高科关于续聘会计师事务所的公告
1808,AN202403111626271033,001002005001008002,2024-03-12,飞科电器,code,Done,603868,飞科电器:上海飞科电器股份有限公司关于续聘会计师事务所的公告
1809,AN202403211627441239,001002005001008002,2024-03-22,太平鸟,code,Done,603877,太平鸟:关于续聘会计师事务所的公告
1810,AN202403251628081457,001002005001008002,2024-03-26,元祖股份,code,Done,603886,元祖股份:元祖股份关于续聘会计师事务所的公告
1811,AN202403291629041999,001002005001008002,2024-03-30,晨光股份,code,Done,603899,晨光股份:上海晨光文具股份有限公司关于续聘会计师事务所的公告
1812,AN202403211627434421,001002005001008002,2024-03-22,佳力图,code,"",603912,佳力图:佳力图关于续聘会计师事务所的公告
1813,AN202404111630162383,001002005001008002,2024-04-12,中科软,code,Done,603927,中科软:中科软关于续聘会计师事务所的公告
1814,AN202403121626489422,001002005001008002,2024-03-13,亚翔集成,code,Done,603929,亚翔集成:亚翔集成-关于续聘会计师事务所的公告
1815,AN202403261628184600,001002005001008002,2024-03-27,睿能科技,code,Done,603933,睿能科技:睿能科技关于续聘会计师事务所的公告
1816,AN202403291629086623,001002005001008002,2024-03-30,丽岛新材,code,Done,603937,丽岛新材:关于拟续聘天健会计师事务所(特殊普通合伙为公司2024年度财务、内控审计机构的公告
1817,AN202403081626039445,001002005001008002,2024-03-09,建业股份,code,Done,603948,建业股份:浙江建业化工股份有限公司关于续聘会计师事务所的公告
1818,AN202404021629521184,001002005001008002,2024-04-03,雪龙集团,code,Done,603949,雪龙集团:雪龙集团股份有限公司关于续聘2024年度会计师事务所的公告
1819,AN202403281628442731,001002005001008002,2024-03-29,长源东谷,code,Done,603950,长源东谷:襄阳长源东谷实业股份有限公司关于续聘会计师事务所的公告
1820,AN202403291629050232,001002005001008002,2024-03-30,中创物流,code,Done,603967,中创物流:中创物流股份有限公司关于续聘会计师事务所的公告
1821,AN202403261628190633,001002005001008002,2024-03-27,读者传媒,code,Done,603999,读者传媒:读者出版传媒股份有限公司关于续聘会计师事务所的公告
1822,AN202404081630052918,001002005001008002,2024-04-09,五洲特纸,code,Done,605007,五洲特纸:五洲特种纸业集团股份有限公司关于续聘2024年度会计师事务所的公告
1823,AN202404111630151976,001002005001008002,2024-04-12,豪悦护理,code,Done,605009,豪悦护理:杭州豪悦护理用品股份有限公司关于续聘2024年度会计师事务所的公告
1824,AN202404021629424833,001002005001008002,2024-04-03,联德股份,code,Done,605060,联德股份:联德股份关于续聘会计师事务所的公告
1825,AN202403251628093599,001002005001008002,2024-03-26,浙江自然,code,Done,605080,浙江自然:浙江自然关于续聘会计师事务所的公告
1826,AN202403291629046170,001002005001008002,2024-03-30,冠盛股份,code,Done,605088,冠盛股份:关于续聘会计师事务所的公告
1827,AN202403271628323213,001002005001008002,2024-03-28,新洁能,code,Done,605111,新洁能:关于公司续聘会计师事务所的公告
1828,AN202403281628446292,001002005001008002,2024-03-29,上海沿浦,code,"",605128,上海沿浦:上海沿浦金属制品股份有限公司关于续聘会计师事务所的公告
1829,AN202404091630084331,001002005001008002,2024-04-10,嵘泰股份,code,Done,605133,嵘泰股份:嵘泰股份关于续聘会计师事务所的公告
1830,AN202403261628182338,001002005001008002,2024-03-27,新中港,code,Done,605162,新中港:关于续聘会计师事务所的公告
1831,AN202403281628443137,001002005001008002,2024-03-29,聚合顺,code,"",605166,聚合顺:杭州聚合顺新材料股份有限公司关于续聘天健会计师事务所(特殊普通合伙的公告
1832,AN202403061625725475,001002005001008002,2024-03-07,安德利,code,Done,605198,安德利:关于续聘2024年度会计师事务所的公告
1833,AN202403251628084601,001002005001008002,2024-03-26,罗曼股份,code,Done,605289,罗曼股份:关于续聘会计师事务所的公告
1834,AN202404091630091934,001002005001008002,2024-04-10,李子园,code,Done,605337,李子园:浙江李子园食品股份有限公司关于续聘会计师事务所的公告
1835,AN202403291629063088,001002005001008002,2024-03-30,福莱新材,code,Done,605488,福莱新材:福莱新材关于续聘2024年度会计师事务所的公告
1836,AN202404111630156800,001002005001008002,2024-04-12,容百科技,code,Done,688005,容百科技:关于续聘会计师事务所的公告
1837,AN202403261628225334,001002005001008002,2024-03-27,中国通号,code,Done,688009,中国通号:关于续聘会计师事务所公告
1838,AN202403181626977489,001002005001008002,2024-03-19,中微公司,code,Done,688012,中微公司:关于续聘2024年度会计师事务所的公告
1839,AN202403271628311561,001002005001008002,2024-03-28,心脉医疗,code,Done,688016,心脉医疗:关于续聘会计师事务所的公告
1840,AN202404111630153604,001002005001008002,2024-04-12,海光信息,code,Done,688041,海光信息:海光信息技术股份有限公司关于续聘会计师事务所的公告
1841,AN202403251628093194,001002005001008002,2024-03-26,炬芯科技,code,Done,688049,炬芯科技:关于续聘会计师事务所的公告
1842,AN202404111630158225,001002005001008002,2024-04-12,派能科技,code,Done,688063,派能科技:续聘会计师事务所公告
1843,AN202403291629070605,001002005001008002,2024-03-30,大地熊,code,Done,688077,大地熊:大地熊关于续聘会计师事务所的公告
1844,AN202403271628311498,001002005001008002,2024-03-28,龙软科技,code,Done,688078,龙软科技:龙软科技关于续聘会计师事务所的公告
1845,AN202404071630035757,001002005001008002,2024-04-08,上海谊众,code,Done,688091,上海谊众:上海谊众药业股份有限公司关于续聘会计师事务所的公告
1846,AN202402281623992338,001002005001008002,2024-02-29,威胜信息,code,Done,688100,威胜信息:关于续聘会计师事务所的公告
1847,AN202403271628323388,001002005001008002,2024-03-28,海尔生物,code,Done,688139,海尔生物:海尔生物关于续聘会计师事务所的公告
1848,AN202403261628186806,001002005001008002,2024-03-27,威高骨科,code,Done,688161,威高骨科:关于续聘公司2024年度会计师事务所的公告
1849,AN202403281628441285,001002005001008002,2024-03-29,百奥泰,code,Done,688177,百奥泰:百奥泰关于续聘会计师事务所的公告
1850,AN202403281628450684,001002005001008002,2024-03-29,阿拉丁,code,"",688179,阿拉丁:阿拉丁关于续聘会计师事务所的公告
1851,AN202403281628488208,001002005001008002,2024-03-29,君实生物,code,Done,688180,君实生物:君实生物关于续聘会计师事务所的公告
1852,AN202403271628307560,001002005001008002,2024-03-28,生益电子,code,Done,688183,生益电子:生益电子续聘会计师事务所公告
1853,AN202403271628324425,001002005001008002,2024-03-28,康希诺,code,Done,688185,康希诺:关于续聘会计师事务所的公告
1854,AN202403291629069401,001002005001008002,2024-03-30,久日新材,code,Done,688199,久日新材:天津久日新材料股份有限公司续聘会计师事务所公告
1855,AN202403251628081484,001002005001008002,2024-03-26,海正生材,code,Done,688203,海正生材:浙江海正生物材料股份有限公司关于续聘会计师事务所的公告
1856,AN202403291629100149,001002005001008002,2024-03-30,道通科技,code,"",688208,道通科技:道通科技关于续聘会计师事务所的公告
1857,AN202404091630080384,001002005001008002,2024-04-10,澳华内镜,code,Done,688212,澳华内镜:关于续聘会计师事务所的公告
1858,AN202403291629044789,001002005001008002,2024-03-30,前沿生物,code,Done,688221,前沿生物:前沿生物关于续聘会计师事务所的公告
1859,AN202403291629065065,001002005001008002,2024-03-30,神工股份,code,Done,688233,神工股份:锦州神工半导体股份有限公司关于续聘会计师事务所的公告
1860,AN202403281628545745,001002005001008002,2024-03-29,特宝生物,code,Done,688278,特宝生物:关于续聘会计师事务所的公告
1861,AN202404111630150008,001002005001008002,2024-04-12,和达科技,code,Done,688296,和达科技:和达科技续聘会计师事务所的公告
1862,AN202404081630053642,001002005001008002,2024-04-09,长阳科技,code,Done,688299,长阳科技:宁波长阳科技股份有限公司关于续聘会计师事务所的公告
1863,AN202403251628091067,001002005001008002,2024-03-26,联瑞新材,code,Done,688300,联瑞新材:联瑞新材关于续聘会计师事务所的公告
1864,AN202404091630078405,001002005001008002,2024-04-10,欧科亿,code,Done,688308,欧科亿:欧科亿关于续聘会计师事务所的公告
1865,AN202404081630056503,001002005001008002,2024-04-09,奥比中光,code,Done,688322,奥比中光:关于续聘2024年度会计师事务所的公告
1866,AN202403271628321700,001002005001008002,2024-03-28,荣昌生物,code,Done,688331,荣昌生物:荣昌生物制药(烟台股份有限公司关于续聘会计师事务所的公告
1867,AN202403271628355138,001002005001008002,2024-03-28,铂力特,code,Done,688333,铂力特:西安铂力特增材技术股份有限公司关于续聘会计师事务所的公告
1868,AN202403281628561715,001002005001008002,2024-03-29,华虹公司,code,Done,688347,华虹公司:关于续聘会计师事务所的公告
1869,AN202404021629451293,001002005001008002,2024-04-03,富淼科技,code,"",688350,富淼科技:江苏富淼科技股份有限公司续聘会计师事务所公告
1870,AN202403211627464081,001002005001008002,2024-03-22,伟测科技,code,Done,688372,伟测科技:关于续聘会计师事务所的公告
1871,AN202403221627626039,001002005001008002,2024-03-23,复旦微电,code,Done,688385,复旦微电:关于续聘会计师事务所公告
1872,AN202403221627625897,001002005001008002,2024-03-23,钜泉科技,code,Done,688391,钜泉科技:钜泉光电科技(上海股份有限公司关于续聘会计师事务所的公告
1873,AN202403281628463541,001002005001008002,2024-03-29,铁建重工,code,Done,688425,铁建重工:中国铁建重工集团股份有限公司关于续聘会计师事务所的公告
1874,AN202403281628473780,001002005001008002,2024-03-29,诺诚健华,code,Done,688428,诺诚健华:诺诚健华医药有限公司关于续聘会计师事务所的公告
1875,AN202403281628475417,001002005001008002,2024-03-29,有研硅,code,Done,688432,有研硅:有研硅关于续聘2024年度会计师事务所的公告
1876,AN202403251628084793,001002005001008002,2024-03-26,芯联集成,code,Done,688469,芯联集成:芯联集成电路制造股份有限公司关于续聘会计事务所的公告
1877,AN202403291629051436,001002005001008002,2024-03-30,友车科技,code,Done,688479,友车科技:关于续聘会计师事务所的公告
1878,AN202403281628507929,001002005001008002,2024-03-29,复旦张江,code,Done,688505,复旦张江:复旦张江关于续聘会计师事务所的公告
1879,AN202403271628323198,001002005001008002,2024-03-28,航亚科技,code,Done,688510,航亚科技:无锡航亚科技股份有限公司关于拟续聘会计师事务所的公告
1880,AN202403251628076594,001002005001008002,2024-03-26,奥特维,code,Done,688516,奥特维:无锡奥特维科技股份有限公司关于续聘会计师事务所的公告
1881,AN202403291629046426,001002005001008002,2024-03-30,芯原股份,code,Done,688521,芯原股份:关于续聘会计师事务所的公告
1882,AN202404021629428448,001002005001008002,2024-04-03,兰剑智能,code,Done,688557,兰剑智能:兰剑智能科技股份有限公司关于续聘会计师事务所的公告
1883,AN202404081630060327,001002005001008002,2024-04-09,明冠新材,code,Done,688560,明冠新材:明冠新材关于续聘公司2024年度会计师事务所的公告
1884,AN202403041625400547,001002005001008002,2024-03-05,芯动联科,code,Done,688582,芯动联科:关于续聘会计师事务所的公告
1885,AN202404021629423497,001002005001008002,2024-04-03,上纬新材,code,Done,688585,上纬新材:上纬新材关于续聘会计师事务所的公告
1886,AN202403181626987168,001002005001008002,2024-03-19,煜邦电力,code,Done,688597,煜邦电力:关于续聘会计师事务所的公告
1887,AN202403271628310414,001002005001008002,2024-03-28,恒玄科技,code,Done,688608,恒玄科技:关于续聘会计师事务所的公告
1888,AN202403241628064665,001002005001008002,2024-03-25,惠泰医疗,code,Done,688617,惠泰医疗:关于续聘会计师事务所的公告
1889,AN202403281628446763,001002005001008002,2024-03-29,智明达,code,Done,688636,智明达:成都智明达关于续聘会计师事务所的公告
1890,AN202401161617516994,001002005001008002,2024-01-17,盛邦安全,code,Done,688651,盛邦安全:关于续聘请会计师事务所的公告
1891,AN202403201627323620,001002005001008002,2024-03-21,金盘科技,code,Done,688676,金盘科技:关于公司续聘2024年度会计师事务所的公告
1892,AN202404111630159093,001002005001008002,2024-04-12,锴威特,code,Done,688693,锴威特:苏州锴威特半导体股份有限公司关于续聘会计师事务所的公告
1893,AN202403251628088689,001002005001008002,2024-03-26,纽威数控,code,Done,688697,纽威数控:纽威数控关于续聘会计师事务所的公告
1894,AN202403291629066688,001002005001008002,2024-03-30,同益中,code,Done,688722,同益中:同益中关于续聘会计师事务所的公告
1895,AN202403291629085319,001002005001008002,2024-03-30,中自科技,code,Done,688737,中自科技:中自环保科技股份有限公司关于续聘2024年度会计师事务所的公告
1896,AN202404081630061576,001002005001008002,2024-04-09,中控技术,code,Done,688777,中控技术:中控技术股份有限公司关于续聘2024年度会计师事务所的公告
1897,AN202404011629218098,001002005001008002,2024-04-02,九号公司,code,Done,689009,九号公司:九号有限公司关于续聘2024年度会计师事务所的公告
1898,AN202403201627329004,001002005001008002,2024-03-20,武汉蓝电,code,Done,830779,武汉蓝电:拟续聘会计师事务所公告
1899,AN202404101630118038,001002005001008002,2024-04-10,万通液压,code,Done,830839,万通液压:拟续聘2024年度会计师事务所公告
1900,AN202403291629054843,001002005001008002,2024-03-29,基康仪器,code,Done,830879,基康仪器:关于续聘2024年度会计师事务所公告
1901,AN202403221627625386,001002005001008002,2024-03-22,许昌智能,code,Done,831396,许昌智能:拟续聘2024年度会计师事务所公告
1902,AN202403201627330473,001002005001008002,2024-03-20,田野股份,code,Done,832023,田野股份:续聘会计师事务所公告
1903,AN202404081630058193,001002005001008002,2024-04-08,禾昌聚合,code,Done,832089,禾昌聚合:拟续聘2024年度会计师事务所公告
1904,AN202403281628474085,001002005001008002,2024-03-28,雷特科技,code,Done,832110,雷特科技:拟续聘2024年度会计师事务所公告
1905,AN202403271628311997,001002005001008002,2024-03-27,利通科技,code,Done,832225,利通科技:拟续聘2024年度会计师事务所公告
1906,AN202404101630124988,001002005001008002,2024-04-10,路斯股份,code,Done,832419,路斯股份:拟续聘2024年度会计师事务所公告
1907,AN202404101630118867,001002005001008002,2024-04-10,纳科诺尔,code,Done,832522,纳科诺尔:拟续聘2024年度会计师事务所公告
1908,AN202404101630126069,001002005001008002,2024-04-10,方盛股份,code,Done,832662,方盛股份:拟续聘会计师事务所公告
1909,AN202403291629045355,001002005001008002,2024-03-29,德源药业,code,Done,832735,德源药业:关于续聘会计师事务所的公告
1910,AN202404031629695160,001002005001008002,2024-04-03,骑士乳业,code,Done,832786,骑士乳业:拟续聘会计师事务所公告
1911,AN202404081630053046,001002005001008002,2024-04-08,德瑞锂电,code,Done,833523,德瑞锂电:拟续聘2024年度会计师事务所公告
1912,AN202403201627319915,001002005001008002,2024-03-20,骏创科技,code,Done,833533,骏创科技:关于续聘2024年度会计师事务所公告
1913,AN202403201627329425,001002005001008002,2024-03-20,惠同新材,code,Done,833751,惠同新材:续聘会计师事务所公告
1914,AN202404031629699116,001002005001008002,2024-04-03,科润智控,code,Done,834062,科润智控:续聘会计师事务所公告
1915,AN202404101630124934,001002005001008002,2024-04-10,一诺威,code,Done,834261,一诺威:拟续聘会计师事务所公告
1916,AN202404081630061060,001002005001008002,2024-04-08,凯德石英,code,Done,835179,凯德石英:拟续聘2024年度会计师事务所公告
1917,AN202403281628450609,001002005001008002,2024-03-28,国源科技,code,Done,835184,国源科技:拟续聘2024年度会计师事务所公告
1918,AN202404021629521327,001002005001008002,2024-04-02,力佳科技,code,Done,835237,力佳科技:拟续聘2024年度会计师事务所公告
1919,AN202404101630126198,001002005001008002,2024-04-10,云创数据,code,Done,835305,云创数据:拟续聘2024年度会计师事务所公告
1920,AN202402191622394170,001002005001008002,2024-02-19,戈碧迦,code,Done,835438,戈碧迦:续聘2024年度会计师事务所公告
1921,AN202402061620961372,001002005001008002,2024-02-06,机科股份,code,Done,835579,机科股份:拟续聘2023年度会计师事务所公告
1922,AN202403151626861694,001002005001008002,2024-03-15,富士达,code,Done,835640,富士达:关于续聘会计师事务所的公告
1923,AN202404031629711313,001002005001008002,2024-04-03,旭杰科技,code,Done,836149,旭杰科技:关于拟续聘会计师事务所的公告
1924,AN202404081630051571,001002005001008002,2024-04-08,易实精密,code,Done,836221,易实精密:拟续聘2024年度会计师事务所公告
1925,AN202403251628096890,001002005001008002,2024-03-25,华密新材,code,Done,836247,华密新材:拟续聘2024年度会计师事务所公告
1926,AN202403121626489660,001002005001008002,2024-03-12,朗鸿科技,code,Done,836395,朗鸿科技:拟续聘会计师事务所公告
1927,AN202403201627350628,001002005001008002,2024-03-20,大唐药业,code,Done,836433,大唐药业:拟续聘2024年度会计师事务所公告
1928,AN202403151626860829,001002005001008002,2024-03-15,博迅生物,code,Done,836504,博迅生物:续聘会计师事务所公告
1929,AN202403221627633150,001002005001008002,2024-03-22,秉扬科技,code,Done,836675,秉扬科技:拟续聘会计师事务所公告
1930,AN202404031629698744,001002005001008002,2024-04-03,派特尔,code,Done,836871,派特尔:拟续聘2024年度会计师事务所公告
1931,AN202404031629711279,001002005001008002,2024-04-03,广咨国际,code,Done,836892,广咨国际:拟续聘2024年会计师事务所公告
1932,AN202403181626978094,001002005001008002,2024-03-18,宏裕包材,code,Done,837174,宏裕包材:拟续聘2024年度会计师事务所公告
1933,AN202403201627332503,001002005001008002,2024-03-20,硅烷科技,code,Done,838402,硅烷科技:拟续聘会计师事务所公告
1934,AN202403291629047221,001002005001008002,2024-03-29,广脉科技,code,Done,838924,广脉科技:拟续聘2024年度会计师事务所公告
1935,AN202403261628185392,001002005001008002,2024-03-26,天马新材,code,Done,838971,天马新材:拟续聘2024年度会计师事务所公告
1936,AN202403221627621672,001002005001008002,2024-03-22,一致魔芋,code,Done,839273,一致魔芋:拟续聘2024年度会计师事务所公告
1937,AN202403271628306957,001002005001008002,2024-03-27,惠丰钻石,code,Done,839725,惠丰钻石:拟续聘会计师事务所公告
1938,AN202403281628449538,001002005001008002,2024-03-28,联迪信息,code,Done,839790,联迪信息:拟续聘2024年度会计师事务所公告
1939,AN202403211627440380,001002005001008002,2024-03-21,华阳变速,code,Done,839946,华阳变速:拟续聘2024年度会计师事务所公告
1940,AN202404101630113746,001002005001008002,2024-04-10,莱赛激光,code,Done,871263,莱赛激光:拟续聘2024年度会计师事务所公告
1941,AN202401051616655833,001002005001008002,2024-01-05,莱赛激光,code,Done,871263,莱赛激光:拟续聘2023年度会计师事务所公告
1942,AN202404101630124961,001002005001008002,2024-04-10,常辅股份,code,Done,871396,常辅股份:关于拟续聘2024年度会计师事务所的公告
1943,AN202403251628083807,001002005001008002,2024-03-25,凯腾精工,code,Done,871553,凯腾精工:拟续聘2024年度会计师事务所公告
1944,AN202404021629541866,001002005001008002,2024-04-02,雷神科技,code,Done,872190,雷神科技:拟续聘2024年度会计师事务所公告
1945,AN202403221627625240,001002005001008002,2024-03-22,佳合科技,code,Done,872392,佳合科技:拟续聘2024年度会计师事务所公告
1946,AN202404021629587195,001002005001008002,2024-04-02,新赣江,code,Done,873167,新赣江:拟续聘2024年度会计师事务所公告
1947,AN202403111626302912,001002005001008002,2024-03-11,广厦环能,code,Done,873703,广厦环能:续聘会计师事务所公告
