1,安永华明会计师事务所,"",AN202403141626755358,2024-03-15,平安银行,1302,000001,2024
2,毕马威华振会计师事务所,"",AN202403281628506883,2024-03-29,万科A,1303,000002,2024
3,大华会计师事务所,"",AN202403131626658747,2024-03-14,飞亚达,1304,000026,2024
4,德勤华永会计师事务所,"",AN202403271628324455,2024-03-28,深纺织A,1305,000045,2024
5,中证天通会计师事务所,"",AN202403291629101923,2024-03-30,中成股份,1306,000151,2024
6,普华永道中天会计师事务所,"",AN202403281628531650,2024-03-29,申万宏源,1307,000166,2024
7,普华永道中天会计师事务所,"",AN202403271628325608,2024-03-28,美的集团,1308,000333,2024
8,毕马威华振会计师事务所,"",AN202403251628109411,2024-03-26,潍柴动力,1309,000338,2024
9,大信会计师事务所,"",AN202403221627623306,2024-03-23,胜利股份,1310,000407,2024
10,永拓会计师事务所,"",AN202403151626859896,2024-03-16,粤高速A,1311,000429,2024
11,致同会计师事务所,"",AN202403281628450949,2024-03-29,丽珠集团,1313,000513,2024
12,致同会计师事务所,"",AN202403261628189403,2024-03-27,华金资本,1314,000532,2024
13,深圳大华国际会计师事务所,"",AN202403291629062525,2024-03-30,万泽股份,1315,000534,2024
14,立信会计师事务所,"",AN202403291629049306,2024-03-30,中原环保,1316,000544,2024
15,天衡会计师事务所,"",AN202404081630057190,2024-04-09,创元科技,1319,000551,2024
16,信永中和会计师事务所,"",AN202403281628505436,2024-03-29,神州信息,1320,000555,2024
17,信永中和会计师事务所,"",AN202403281628478482,2024-03-29,中油资本,1321,000617,2024
18,中兴财光华会计师事务所,"",AN202403291629102473,2024-03-30,*ST新联,1322,000620,2024
19,立信会计师事务所,"",AN202403251628084239,2024-03-26,钒钛股份,1323,000629,2024
20,永拓会计师事务所,"",AN202404111630150504,2024-04-12,恒天海龙,1325,000677,2024
21,大华会计师事务所,"",AN202404081630058467,2024-04-09,宝新能源,1326,000690,2024
22,立信会计师事务所,"",AN202403201627320491,2024-03-21,滨海能源,1327,000695,2024
23,毕马威华振会计师事务所,"",AN202403121626489705,2024-03-13,中信特钢,1328,000708,2024
24,致同会计师事务所,"",AN202403291629085939,2024-03-30,中兴商业,1329,000715,2024
25,和信会计师事务所,"",AN202403071625940867,2024-03-08,普洛药业,1330,000739,2024
26,德勤华永会计师事务所,"",AN202403081626051351,2024-03-09,国海证券,1331,000750,2024
27,任大华会计师事务所,"",AN202404011629218010,2024-04-02,中航西飞,1332,000768,2024
28,安永华明会计师事务所,"",AN202403281628490801,2024-03-29,广发证券,1333,000776,2024
29,中审众环会计师事务所,"",AN202403191627204098,2024-03-20,北新建材,1334,000786,2024
30,和信会计师事务所,"",AN202403141626765813,2024-03-15,英洛华,1335,000795,2024
31,拟聘任会计师事务所,"",AN202403271628304745,2024-03-28,冰轮环境,1336,000811,2024
32,大信会计师事务所,"",AN202403131626618199,2024-03-14,航锦科技,1337,000818,2024
33,天职国际会计师事务所,"",AN202403291629060552,2024-03-30,秦川机床,1338,000837,2024
34,中审亚太会计师事务所,"",AN202401181617691731,2024-01-19,高鸿股份,1339,000851,2024
35,任立信会计师事务所,"",AN202403281628560253,2024-03-29,鞍钢股份,1340,000898,2024
36,容诚会计师事务所,"",AN202403291629046758,2024-03-30,厦门港务,1341,000905,2024
37,立信会计师事务所,"",AN202403281628450154,2024-03-29,大亚圣象,1342,000910,2024
38,致同会计师事务所,"",AN202403151626831982,2024-03-16,华特达因,1343,000915,2024
39,信永中和会计师事务所,"",AN202403291629055772,2024-03-30,海信家电,1344,000921,2024
40,毕马威华振会计师事务所,"",AN202403251628098338,2024-03-26,中国重汽,1345,000951,2024
41,立信会计师事务所,"",AN202403251628080614,2024-03-26,中通客车,1346,000957,2024
42,任天职国际会计师事务所,"",AN202403271628322916,2024-03-28,中科三环,1347,000970,2024
43,立信会计师事务所,"",AN202404111630155227,2024-04-12,中银绒业,1348,000982,2024
44,天健会计师事务所,"",AN202404111630158119,2024-04-12,欧克科技,1350,001223,2024
45,天健会计师事务所,"",AN202402211622522346,2024-02-22,和泰机电,1351,001225,2024
46,大华会计师事务所,"",AN202403151626860792,2024-03-16,立新能源,1352,001258,2024
47,深圳大华国际会计师事务所,"",AN202404091630087369,2024-04-10,康冠科技,1353,001308,2024
48,天健会计师事务所,"",AN202403291629059178,2024-03-30,四川黄金,1354,001337,2024
49,立信会计师事务所,"",AN202401091616871815,2024-01-10,南矿集团,1355,001360,2024
50,大华会计师事务所,"",AN202403141626765206,2024-03-15,百通能源,1356,001376,2024
51,立信会计师事务所,"",AN202404081630061374,2024-04-09,华纬科技,1357,001380,2024
52,容诚会计师事务所,"",AN202402281624009923,2024-02-29,永新股份,1358,002014,2024
53,华兴会计师事务所,"",AN202404021629430124,2024-04-03,七匹狼,1359,002029,2024
54,天职国际会计师事务所,"",AN202403291629044631,2024-03-30,黔源电力,1360,002039,2024
55,中审众环会计师事务所,"",AN202404071630035358,2024-04-08,中工国际,1361,002051,2024
56,信永中和会计师事务所,"",AN202403291629104196,2024-03-30,德美化工,1362,002054,2024
57,中兴财光华会计师事务所,"","1363,1363,AN202404111630151849",2024-04-12,东华软件,"1363,1363",002065,2024
58,中兴华会计师事务所,"",AN202404021629423235,2024-04-03,软控股份,1364,002073,2024
59,立信会计师事务所,"",AN202403291629094086,2024-03-30,苏州固锝,1365,002079,2024
60,亚太会计师事务所,"",AN202401311619798003,2024-02-01,新海退,1366,002089,2024
61,永拓会计师事务所,"",AN202403291629100261,2024-03-30,沃华医药,1367,002107,2024
62,中汇会计师事务所,"",AN202403251628097132,2024-03-26,康强电子,1368,002119,2024
63,大华会计师事务所,"",AN202403211627466428,2024-03-22,科陆电子,1369,002121,2024
64,容诚会计师事务所,"",AN202402281624034344,2024-02-29,顺络电子,1370,002138,2024
65,普华永道中天会计师事务所,"",AN202404091630083084,2024-04-10,宁波银行,1371,002142,2024
66,天健会计师事务所,"",AN202403291629066580,2024-03-30,广电运通,1372,002152,2024
67,立信会计师事务所,"",AN202404111630160527,2024-04-12,报喜鸟,1373,002154,2024
68,任信永中和会计师事务所,"",AN202403291629043882,2024-03-30,悦心健康,1374,002162,2024
69,大华会计师事务所,"",AN202403151626860960,2024-03-16,中航光电,1375,002179,2024
70,广东司农会计师事务所,"",AN202404091630082444,2024-04-10,粤传媒,1376,002181,2024
71,大信会计师事务所,"",AN202404011629204622,2024-04-02,华天科技,1377,002185,2024
72,立信中联会计师事务所,"",AN202403121626455006,2024-03-13,中天服务,1378,002188,2024
73,中勤万信会计师事务所,"",AN202403291629041042,2024-03-30,濮耐股份,1379,002225,2024
74,信永中和会计师事务所,"",AN202403141626761343,2024-03-15,塔牌集团,1380,002233,2024
75,中喜会计师事务所,"",AN202403271628323148,2024-03-28,歌尔股份,1381,002241,2024
76,天健会计师事务所,"",AN202403281628554924,2024-03-29,九阳股份,1382,002242,2024
77,天健会计师事务所,"",AN202404021629428624,2024-04-03,蔚蓝锂芯,1383,002245,2024
78,华信会计师事务所,"",AN202403281628447470,2024-03-29,川大智胜,1384,002253,2024
79,四川华信（集团）会计师事务所（特殊普通合伙）,"",AN202404081630060065,2024-04-09,ST升达,1385,002259,2024
80,立信会计师事务所,"",AN202403291629062280,2024-03-30,恩华药业,1386,002262,2024
81,天健会计师事务所,"",AN202403211627438210,2024-03-22,水晶光电,1388,002273,2024
82,致同会计师事务所,"",AN202404091630091153,2024-04-10,万马股份,1389,002276,2024
83,中勤万信会计师事务所,"",AN202403181626977800,2024-03-19,博深股份,1390,002282,2024
84,天健会计师事务所,"",AN202403191627211748,2024-03-20,天润工业,1391,002283,2024
85,和信会计师事务所,"",AN202402061620965899,2024-02-07,保龄宝,1392,002286,2024
86,立信会计师事务所,"",AN202404021629429963,2024-04-03,博云新材,1393,002297,2024
87,华兴会计师事务所,"",AN202404101630125511,2024-04-11,太阳电缆,1394,002300,2024
88,大信会计师事务所,"",AN202404111630157975,2024-04-12,美盈森,1395,002303,2024
89,天健会计师事务所,"",AN202404111630163199,2024-04-12,理工能科,1396,002322,2024
90,北京大华国际会计师事务所,"",AN202404081630059188,2024-04-09,英威腾,1397,002334,2024
91,天健会计师事务所,"",AN202404021629519746,2024-04-03,海宁皮城,1398,002344,2024
92,普华永道中天会计师事务所,"",AN202403261628190001,2024-03-27,顺丰控股,1399,002352,2024
93,中喜会计师事务所,"",AN202404021629589791,2024-04-03,杰瑞股份,1400,002353,2024
94,众华会计师事务所,"",AN202403281628554749,2024-03-29,赫美集团,1401,002356,2024
95,天衡会计师事务所,"",AN202403271628364998,2024-03-28,康力电梯,1402,002367,2024
96,天健会计师事务所,"",AN202404081630062845,2024-04-09,伟星新材,1404,002372,2024
97,大信会计师事务所,"",AN202403211627439440,2024-03-22,宏创控股,1405,002379,2024
98,大华会计师事务所,"",AN202403251628095921,2024-03-26,远东传动,1406,002406,2024
99,中审华会计师事务所,"",AN202403261628205746,2024-03-27,长高电新,1408,002452,2024
100,信永中和会计师事务所,"","1411,1410,1409,1411,1410,1409,1410,1409,1411,1410,1409,1409,1411,1410,1409,1411,1410,1409,1410,1409,AN202404091630085803",2024-04-10,青龙管业,"1411,1410,1409,1411,1410,1409",002457,2024
101,和信会计师事务所,"",AN202403061625692591,2024-03-07,益生股份,1412,002458,2024
102,安永华明会计师事务所,"",AN202403281628587736,2024-03-29,赣锋锂业,1413,002460,2024
103,普华永道中天会计师事务所,"",AN202403251628097459,2024-03-26,沪电股份,1414,002463,2024
104,天健会计师事务所,"",AN202403281628540369,2024-03-29,海格通信,1415,002465,2024
105,毕马威华振会计师事务所,"",AN202403271628390790,2024-03-28,天齐锂业,1416,002466,2024
106,苏亚金诚会计师事务所,"",AN202403291629042202,2024-03-30,中超控股,1417,002471,2024
107,天健会计师事务所,"",AN202404111630160276,2024-04-12,双环传动,1418,002472,2024
108,致同会计师事务所,"",AN202404091630082260,2024-04-10,榕基软件,1419,002474,2024
109,天健会计师事务所,"",AN202404091630082158,2024-04-10,富春环保,1420,002479,2024
110,立信会计师事务所,"",AN202403221627626672,2024-03-23,银河电子,1421,002519,2024
111,中审众环会计师事务所,"",AN202404081630047887,2024-04-09,天山铝业,1422,002532,2024
112,中审华会计师事务所,"",AN202403281628531362,2024-03-29,金杯电工,1423,002533,2024
113,大华会计师事务所,"",AN202404111630154609,2024-04-12,飞龙股份,1425,002536,2024
114,天健会计师事务所,"",AN202403291629063745,2024-03-30,鸿路钢构,1426,002541,2024
115,致同会计师事务所,"",AN202403281628531554,2024-03-29,凯美特气,1427,002549,2024
116,大信会计师事务所,"",AN202403291629065648,2024-03-30,通达股份,1428,002560,2024
117,立信会计师事务所,"",AN202403281628444184,2024-03-29,通达动力,1429,002576,2024
118,容诚会计师事务所,"",AN202403291629065250,2024-03-30,雷柏科技,1430,002577,2024
119,天健会计师事务所,"",AN202404011629208628,2024-04-02,哈尔斯,1431,002615,2024
120,和信会计师事务所,"",AN202403291629062870,2024-03-30,跨境通,1432,002640,2024
121,天健会计师事务所,"",AN202403251628084995,2024-03-26,卫星化学,1433,002648,2024
122,容诚会计师事务所,"",AN202404021629590030,2024-04-03,共达电声,1434,002655,2024
123,北京大华国际会计师事务所,"",AN202403271628321890,2024-03-28,雪迪龙,1435,002658,2024
124,天健会计师事务所,"",AN202403151626859886,2024-03-16,克明食品,1436,002661,2024
125,任信永中和会计师事务所,"",AN202403281628440067,2024-03-29,京威股份,1437,002662,2024
126,大华会计师事务所,"",AN202403191627142091,2024-03-20,奥马电器,1438,002668,2024
127,任大华会计师事务所,"",AN202403291629041513,2024-03-30,美亚光电,1439,002690,2024
128,立信会计师事务所,"",AN202403291629044392,2024-03-30,煌上煌,1440,002695,2024
129,天健会计师事务所,"",AN202403281628447915,2024-03-29,浙江世宝,1441,002703,2024
130,中审众环会计师事务所,"",AN202403251628098117,2024-03-26,众兴菌业,1442,002772,2024
131,容诚会计师事务所,"",AN202401121617337461,2024-01-13,三夫户外,1443,002780,2024
132,天健会计师事务所,"",AN202403281628537112,2024-03-29,华源控股,1444,002787,2024
133,名称安永华明会计师事务所,"",AN202403291629045645,2024-03-30,吉宏股份,1445,002803,2024
134,容诚会计师事务所,"",AN202403281628458987,2024-03-29,富森美,1446,002818,2024
135,天健会计师事务所,"",AN202403261628187687,2024-03-27,盐津铺子,1447,002847,2024
136,任天衡会计师事务所,"",AN202404101630125683,2024-04-11,凌霄泵业,1448,002884,2024
137,大华会计师事务所,"",AN202404091630081802,2024-04-10,华森制药,1449,002907,2024
138,立信会计师事务所,"",AN202403141626764444,2024-03-15,深南电路,1450,002916,2024
139,安永华明会计师事务所,"",AN202403281628548161,2024-03-29,郑州银行,1451,002936,2024
140,任普华永道中天会计师事务所,"",AN202403291629061079,2024-03-30,鹏鼎控股,1452,002938,2024
141,毕马威华振会计师事务所,"",AN202403281628552296,2024-03-29,青岛银行,1453,002948,2024
142,公证天业会计师事务所,"",AN202403271628365517,2024-03-28,*ST金时,1454,002951,2024
143,容诚会计师事务所,"",AN202403281628539543,2024-03-29,广电计量,1455,002967,2024
144,容诚会计师事务所,"",AN202404111630163805,2024-04-12,瑞玛精密,1456,002976,2024
145,容诚会计师事务所,"",AN202403181626975085,2024-03-19,豪美新材,1457,002988,2024
146,中审众环会计师事务所,"",AN202403271628309674,2024-03-28,劲仔食品,1458,003000,2024
147,普华永道中天会计师事务所,"",AN202403221627628029,2024-03-23,百亚股份,1459,003006,2024
148,立信会计师事务所,"",AN202403291629074541,2024-03-30,兆威机电,1460,003021,2024
149,信永中和会计师事务所,"",AN202403261628223407,2024-03-27,联泓新科,1461,003022,2024
150,天健会计师事务所,"",AN202402261623604957,2024-02-27,同花顺,1462,300033,2024
151,任中天运会计师事务所,"",AN202401031616226128,2024-01-04,钢研高纳,1463,300034,2024
152,立信会计师事务所,"",AN202404091630086614,2024-04-10,鼎龙股份,1464,300054,2024
153,安永华明会计师事务所,"",AN202403141626765957,2024-03-15,东方财富,1465,300059,2024
154,立信会计师事务所,"",AN202404031629714501,2024-04-04,碧水源,1466,300070,2024
155,上会会计师事务所,"",AN202404111630162023,2024-04-12,数字政通,1467,300075,2024
156,信永中和会计师事务所,"",AN202403291629038645,2024-03-30,科新机电,1468,300092,2024
157,容诚会计师事务所,"",AN202403251628097436,2024-03-26,乾照光电,1469,300102,2024
158,天健会计师事务所,"",AN202403181626977950,2024-03-19,长盈精密,1470,300115,2024
159,立信会计师事务所,"",AN202403291629055588,2024-03-30,瑞普生物,1471,300119,2024
160,四川华信（集团）会计师事务所,"",AN202403291629051710,2024-03-30,银河磁体,1472,300127,2024
161,大华会计师事务所,"",AN202403271628308484,2024-03-28,新国都,1473,300130,2024
162,立信会计师事务所,"",AN202404081630060675,2024-04-09,瑞凌股份,1474,300154,2024
163,立信中联会计师事务所,"",AN202404021629532736,2024-04-03,新锦动力,1475,300157,2024
164,天衡会计师事务所,"",AN202403251628075682,2024-03-26,舒泰神,1476,300204,2024
165,信永中和会计师事务所,"",AN202403281628438857,2024-03-29,理邦仪器,1477,300206,2024
166,大华会计师事务所,"",AN202403291629101678,2024-03-30,安利股份,1478,300218,2024
167,中兴华会计师事务所,"",AN202403271628321494,2024-03-28,正海磁材,1479,300224,2024
168,立信会计师事务所,"",AN202404091630091839,2024-04-10,拓尔思,1480,300229,2024
169,上会会计师事务所,"",AN202403281628447046,2024-03-29,金城医药,1481,300233,2024
170,立信会计师事务所,"",AN202404021629427911,2024-04-03,开尔新材,1482,300234,2024
171,北京大华国际会计师事务所,"",AN202403251628079393,2024-03-26,方直科技,1483,300235,2024
172,中勤万信会计师事务所,"",AN202403291629049698,2024-03-30,新天科技,1484,300259,2024
173,天健会计师事务所,"",AN202403291629073298,2024-03-30,安科瑞,1485,300286,2024
174,立信会计师事务所,"",AN202404111630160794,2024-04-12,利亚德,1486,300296,2024
175,天健会计师事务所,"",AN202404081630056581,2024-04-09,戴维医疗,1488,300314,2024
176,众华会计师事务所,"",AN202403291629070703,2024-03-30,中颖电子,1489,300327,2024
177,任中兴华会计师事务所,"",AN202403291629051523,2024-03-30,光环新网,1490,300383,2024
178,立信中联会计师事务所,"",AN202403291629061353,2024-03-30,九强生物,1491,300406,2024
179,中汇会计师事务所,"",AN202403181626974332,2024-03-19,鲍斯股份,1492,300441,2024
180,大信会计师事务所,"",AN202403221627631978,2024-03-23,三鑫医疗,1493,300453,2024
181,上会会计师事务所,"",AN202403261628206048,2024-03-27,赢合科技,1494,300457,2024
182,立信会计师事务所,"",AN202403281628555377,2024-03-29,田中精机,1495,300461,2024
183,中审众环会计师事务所,"",AN202403281628548189,2024-03-29,久之洋,1496,300516,2024
184,大信会计师事务所,"",AN202404111630150757,2024-04-12,先进数通,1497,300541,2024
185,容诚会计师事务所,"",AN202403291629062313,2024-03-30,中旗股份,1498,300575,2024
186,立信会计师事务所,"",AN202404081630060383,2024-04-09,思特奇,1499,300608,2024
187,容诚会计师事务所,"",AN202403121626459130,2024-03-13,捷捷微电,1500,300623,2024
188,天健会计师事务所,"",AN202404111630154245,2024-04-12,开立医疗,1501,300633,2024
189,大华会计师事务所,"",AN202403271628308517,2024-03-28,世纪天鸿,1502,300654,2024
190,任普华永道中天会计师事务所,"",AN202404021629520204,2024-04-03,朗新集团,1503,300682,2024
191,天健会计师事务所,"",AN202403291629087458,2024-03-30,兆丰股份,1504,300695,2024
192,信永中和会计师事务所,"",AN202403291629104173,2024-03-30,万马科技,1505,300698,2024
193,立信会计师事务所,"",AN202404081630048730,2024-04-09,光威复材,1506,300699,2024
194,容诚会计师事务所,"",AN202403211627464513,2024-03-22,广哈通信,1507,300711,2024
195,普华永道中天会计师事务所,"",AN202403261628192252,2024-03-27,华宝股份,1508,300741,2024
196,中兴财光华会计师事务所,"",AN202403141626747551,2024-03-15,汉嘉设计,1509,300746,2024
197,安永华明会计师事务所,"",AN202403281628448785,2024-03-29,金力永磁,1510,300748,2024
198,信永中和会计师事务所,"",AN202403141626754347,2024-03-15,新诺威,1511,300765,2024
199,大华会计师事务所,"",AN202403251628093360,2024-03-26,三只松鼠,1512,300783,2024
200,天健会计师事务所,"",AN202403261628193408,2024-03-27,米奥会展,1513,300795,2024
201,致同会计师事务所,"",AN202401261618342110,2024-01-27,指南针,1514,300803,2024
202,容诚会计师事务所,"",AN202403261628190811,2024-03-27,东岳硅材,1515,300821,2024
203,信永中和会计师事务所,"",AN202403281628447820,2024-03-29,北鼎股份,1516,300824,2024
204,深圳大华国际会计师事务所,"",AN202404111630158846,2024-04-12,新产业,1517,300832,2024
205,中天运会计师事务所,"",AN202402281624001872,2024-02-29,帝科股份,1518,300842,2024
206,天衡会计师事务所,"",AN202403281628490827,2024-03-29,南大环境,1520,300864,2024
207,大信会计师事务所,"",AN202403281628452133,2024-03-29,大宏立,1521,300865,2024
208,中汇会计师事务所,"",AN202403281628437675,2024-03-29,山科智能,1523,300897,2024
209,容诚会计师事务所,"",AN202401231617950350,2024-01-24,熊猫乳品,1524,300898,2024
210,立信会计师事务所,"",AN202403291629102161,2024-03-30,中胤时尚,1525,300901,2024
211,公证天业会计师事务所,"",AN202404081630049716,2024-04-09,仲景食品,1526,300908,2024
212,中汇会计师事务所,"",AN202403261628224250,2024-03-27,瑞丰新材,1527,300910,2024
213,致同会计师事务所,"",AN202404091630084626,2024-04-10,天秦装备,1528,300922,2024
214,容诚会计师事务所,"",AN202403291629061837,2024-03-30,博俊科技,1529,300926,2024
215,大华会计师事务所,"",AN202404091630085975,2024-04-10,尤安设计,1530,300983,2024
216,上会会计师事务所,"",AN202404081630055629,2024-04-09,创益通,1532,300991,2024
217,安永华明会计师事务所,"",AN202403221627627851,2024-03-23,金龙鱼,1533,300999,2024
218,天职国际会计师事务所,"",AN202404091630092034,2024-04-10,肇民科技,1534,301000,2024
219,立信会计师事务所,"",AN202404111630157381,2024-04-12,崧盛股份,1535,301002,2024
220,天衡会计师事务所,"",AN202403281628534364,2024-03-29,雷尔伟,1536,301016,2024
221,中喜会计师事务所,"",AN202403291629102362,2024-03-30,信濠光电,1537,301051,2024
222,立信会计师事务所,"",AN202404011629201347,2024-04-02,大地海洋,1538,301068,2024
223,天健会计师事务所,"",AN202403211627465933,2024-03-22,新瀚新材,1539,301076,2024
224,中审众环会计师事务所,"",AN202404021629519946,2024-04-03,邵阳液压,1540,301079,2024
225,天健会计师事务所,"",AN202403291629074638,2024-03-30,华研精机,1541,301138,2024
226,立信会计师事务所,"",AN202404081630058343,2024-04-09,中一科技,1542,301150,2024
227,公证天业会计师事务所,"",AN202404111630162209,2024-04-12,翔楼新材,1543,301160,2024
228,容诚会计师事务所,"",AN202404111630159611,2024-04-12,大族数控,1544,301200,2024
229,名称四川华信（集团）会计师事务所,"",AN202403071625962923,2024-03-08,华融化学,1545,301256,2024
230,天健会计师事务所,"",AN202404021629421262,2024-04-03,珠城科技,1546,301280,2024
231,天健会计师事务所,"",AN202403281628452463,2024-03-29,东利机械,1547,301298,2024
232,大华会计师事务所,"",AN202403121626472763,2024-03-13,信音电子,1548,301329,2024
233,天健会计师事务所,"",AN202404111630158448,2024-04-12,怡和嘉业,1549,301367,2024
234,容诚会计师事务所,"",AN202403141626758563,2024-03-15,隆扬电子,1550,301389,2024
235,中天运会计师事务所,"",AN202404081630054219,2024-04-09,昊帆生物,1551,301393,2024
236,天健会计师事务所,"",AN202404101630118058,2024-04-11,溯联股份,1552,301397,2024
237,容诚会计师事务所,"",AN202403281628531759,2024-03-29,三态股份,1553,301558,2024
238,中汇会计师事务所,"",AN202404011629210341,2024-04-02,贝隆精密,1554,301567,2024
239,安永华明会计师事务所,"",AN202403221627639239,2024-03-22,华岭股份,1555,430139,2024
240,信永中和会计师事务所,"",AN202403081626035605,2024-03-08,海能技术,1556,430476,2024
241,容诚会计师事务所,"",AN202404111630149475,2024-04-11,峆一药业,1557,430478,2024
242,中兴华会计师事务所,"",AN202401171617589845,2024-01-17,丰光精密,1558,430510,2024
243,普华永道中天会计师事务所,"",AN202403281628435173,2024-03-29,中国国贸,1559,600007,2024
244,普华永道中天会计师事务所,"",AN202403281628459486,2024-03-29,民生银行,1560,600016,2024
245,致同会计师事务所,"",AN202403281628446667,2024-03-29,日照港,1561,600017,2024
246,普华永道中天会计师事务所,"",AN202403291629047660,2024-03-30,上港集团,1562,600018,2024
247,用中汇会计师事务所,"",AN202404011629210868,2024-04-02,上海电力,1563,600021,2024
248,信永中和会计师事务所,"",AN202403271628309186,2024-03-28,华电国际,1564,600027,2024
249,毕马威华振会计师事务所,"",AN202403241628064580,2024-03-25,中国石化,1565,600028,2024
250,大华会计师事务所,"",AN202403151626865013,2024-03-16,中直股份,1566,600038,2024
251,德勤华永会计师事务所,"",AN202403191627209569,2024-03-20,中国联通,1567,600050,2024
252,立信会计师事务所,"",AN202403221627624124,2024-03-23,万东医疗,1569,600055,2024
253,信永中和会计师事务所,"",AN202403291629099397,2024-03-30,海信视像,1570,600060,2024
254,毕马威华振会计师事务所,"",AN202403211627463031,2024-03-22,华润双鹤,1571,600062,2024
255,大华会计师事务所,"",AN202404011629209842,2024-04-02,宇通客车,1572,600066,2024
256,大信会计师事务所,"",AN202403281628560014,2024-03-29,人福医药,1573,600079,2024
257,信永中和会计师事务所,"",AN202404081630058046,2024-04-09,特变电工,1574,600089,2024
258,立信会计师事务所,"",AN202404091630092012,2024-04-10,广州发展,1575,600098,2024
259,信永中和会计师事务所,"",AN202403281628542629,2024-03-29,明星电力,1576,600101,2024
260,普华永道中天会计师事务所,"",AN202403291629045259,2024-03-30,上汽集团,1577,600104,2024
261,普华永道中天会计师事务所,"",AN202403281628531546,2024-03-29,中国东航,1578,600115,2024
262,天健会计师事务所,"",AN202403281628539382,2024-03-29,太极集团,1579,600129,2024
263,天健会计师事务所,"",AN202403291629056370,2024-03-30,重庆啤酒,1580,600132,2024
264,天健会计师事务所,"",AN202403281628478533,2024-03-29,天坛生物,1581,600161,2024
265,中审众环会计师事务所,"",AN202404011629205341,2024-04-02,上海贝岭,1582,600171,2024
266,中兴华会计师事务所,"",AN202404111630158780,2024-04-12,卧龙地产,1583,600173,2024
267,中审众环会计师事务所,"",AN202403191627211868,2024-03-20,中国巨石,1584,600176,2024
268,华兴会计师事务所,"",AN202403281628538820,2024-03-29,生益科技,1585,600183,2024
269,中审亚太会计师事务所,"",AN202401111617254546,2024-01-12,中牧股份,1586,600195,2024
270,安永华明会计师事务所,"",AN202403261628190316,2024-03-27,复星医药,1587,600196,2024
271,任立信会计师事务所,"",AN202403291629063412,2024-03-30,紫江企业,1588,600210,2024
272,四川华信（集团）会计师事务所,"",AN202403261628184926,2024-03-27,西藏药业,1589,600211,2024
273,天健会计师事务所,"",AN202404011629210465,2024-04-02,金鹰股份,1590,600232,2024
274,毕马威华振为财务报告审计会计师事务所和内部控制审计会计师事务所,"","1592,1591,1592,1591,1591,1592,1591,1592,1591,AN202403281628442943",2024-03-29,首旅酒店,"1592,1591,1592,1591",600258,2024
275,北京兴华会计师事务所,"",AN202403281628447448,2024-03-29,大恒科技,1594,600288,2024
276,任致同会计师事务所,"",AN202403291629045894,2024-03-30,远达环保,1595,600292,2024
277,大华会计师事务所,"",AN202403151626863451,2024-03-16,洪都航空,1596,600316,2024
278,中证天通会计师事务所,"",AN202403211627465873,2024-03-22,新力金融,1597,600318,2024
279,永拓会计师事务所,"",AN202404081630053667,2024-04-09,亚星化学,1598,600319,2024
280,任中汇会计师事务所,"",AN202404091630082336,2024-04-10,恒力石化,1599,600346,2024
281,大信会计师事务所,"",AN202403211627466059,2024-03-22,敦煌种业,1600,600354,2024
282,大华会计师事务所,"",AN202403151626835466,2024-03-16,中航机载,1601,600372,2024
283,致同会计师事务所,"",AN202404021629429858,2024-04-03,健康元,1602,600380,2024
284,德勤华永会计师事务所,"",AN202403141626761880,2024-03-15,金地集团,1603,600383,2024
285,天职国际会计师事务所,"",AN202403291629048505,2024-03-30,抚顺特钢,1605,600399,2024
286,希格玛会计师事务所,"",AN202403291629062449,2024-03-30,大有能源,1606,600403,2024
287,立信会计师事务所,"",AN202404021629500029,2024-04-03,安泰集团,1607,600408,2024
288,上会会计师事务所,"",AN202404091630086489,2024-04-10,湘电股份,1608,600416,2024
289,天健会计师事务所（特殊普通合伙）,"",AN202403291629055237,2024-03-30,国药现代,1609,600420,2024
290,大信会计师事务所,"",AN202403251628080435,2024-03-26,青松建化,1610,600425,2024
291,天职国际会计师事务所,"",AN202403271628366161,2024-03-28,中远海特,1611,600428,2024
292,容诚会计师事务所,"",AN202404101630115531,2024-04-11,国机通用,1612,600444,2024
293,天健会计师事务所,"",AN202404081630052478,2024-04-09,士兰微,1613,600460,2024
294,大华会计师事务所,"",AN202403291629101778,2024-03-30,杭萧钢构,1614,600477,2024
295,中审华会计师事务所,"",AN202403281628444367,2024-03-29,津药药业,1615,600488,2024
296,华兴会计师事务所,"",AN202403291629054602,2024-03-30,凤竹纺织,1616,600493,2024
297,中喜会计师事务所,"",AN202403251628098826,2024-03-26,科达制造,1617,600499,2024
298,安永华明会计师事务所,"",AN202403201627319131,2024-03-21,上海能源,1618,600508,2024
299,普华永道中天会计师事务所,"",AN202403201627328730,2024-03-21,国药股份,1619,600511,2024
300,大信会计师事务所,"",AN202403291629099788,2024-03-30,*ST莫高,1620,600543,2024
301,名称信永中和会计师事务所,"",AN202403281628531418,2024-03-29,山东黄金,1621,600547,2024
302,德勤华永会计师事务所,"",AN202403221627624740,2024-03-23,深高速,1622,600548,2024
303,立信会计师事务所,"",AN202403101626200692,2024-03-11,康缘药业,1623,600557,2024
304,中天运会计师事务所,"",AN202403281628434446,2024-03-29,金自天正,1624,600560,2024
305,任安永华明会计师事务所,"",AN202403221627624753,2024-03-23,法拉电子,1625,600563,2024
306,立信会计师事务所,"",AN202404091630089121,2024-04-10,济川药业,1626,600566,2024
307,天健会计师事务所,"",AN202403241628064549,2024-03-25,恒生电子,1627,600570,2024
308,上会会计师事务所,"",AN202403291629111977,2024-03-30,祥源文旅,1628,600576,2024
309,容诚会计师事务所,"",AN202403181626977019,2024-03-19,精达股份,1629,600577,2024
310,立信会计师事务所,"",AN202403181626984950,2024-03-19,海油工程,1630,600583,2024
311,任安永华明会计师事务所,"",AN202403291629048880,2024-03-30,用友网络,1631,600588,2024
312,中审众环会计师事务所,"",AN202403281628452373,2024-03-29,北大荒,1632,600598,2024
313,中审众环会计师事务所,"",AN202403291629049636,2024-03-30,方正科技,1633,600601,2024
314,大华会计师事务所,"",AN202403041625395573,2024-03-05,汇通能源,1634,600605,2024
315,立信会计师事务所,"",AN202404021629520189,2024-04-03,天宸股份,1635,600620,2024
316,任上会会计师事务所,"",AN202403291629049325,2024-03-30,华建集团,1636,600629,2024
317,立信会计师事务所,"",AN202403281628440656,2024-03-29,大众公用,1637,600635,2024
318,众华会计师事务所,"",AN202404111630159908,2024-04-12,浦东金桥,1638,600639,2024
319,中天运会计师事务所,"",AN202403291629062256,2024-03-30,乐山电力,1639,600644,2024
320,天职国际会计师事务所,"",AN202403291629058627,2024-03-30,城投控股,1641,600649,2024
321,天职国际会计师事务所,"",AN202403291629047811,2024-03-30,飞乐音响,1642,600651,2024
322,大华会计师事务所,"",AN202403291629090803,2024-03-30,ST中安,1643,600654,2024
323,上会会计师事务所,"","1645,1644,1645,1644,1644,1645,1644,1645,1644,AN202403211627460134",2024-03-22,豫园股份,"1645,1644,1645,1644",600655,2024
324,普华永道中天会计师事务所,"",AN202403151626835049,2024-03-16,福耀玻璃,1646,600660,2024
325,天健会计师事务所,"",AN202403291629102229,2024-03-30,东阳光,1647,600673,2024
326,大华会计师事务所,"",AN202403281628438887,2024-03-29,交运股份,1648,600676,2024
327,毕马威华振会计师事务所,"",AN202403201627327593,2024-03-21,上海石化,1649,600688,2024
328,上会会计师事务所,"",AN202403191627175747,2024-03-20,舍得酒业,1650,600702,2024
329,毕马威华振会计师事务所,"",AN202404071630035693,2024-04-08,南京医药,1651,600713,2024
330,中审众环会计师事务所,"",AN202403281628442490,2024-03-29,云维股份,1652,600725,2024
331,任天职国际会计师事务所,"",AN202404081630061296,2024-04-09,佳都科技,1653,600728,2024
332,大华会计师事务所,"",AN202404011629210421,2024-04-02,湖南海利,1654,600731,2024
333,信永中和会计师事务所,"",AN202403271628309902,2024-03-28,一汽富维,1655,600742,2024
334,信永中和会计师事务所,"",AN202404091630084016,2024-04-10,西藏旅游,1656,600749,2024
335,大信会计师事务所,"",AN202403281628448530,2024-03-29,南京熊猫,1657,600775,2024
336,信永中和会计师事务所,"",AN202403211627438768,2024-03-22,新华百货,1658,600785,2024
337,安永华明会计师事务所,"",AN202403281628531454,2024-03-29,华新水泥,1659,600801,2024
338,中喜会计师事务所,"",AN202403221627618147,2024-03-23,新奥股份,1660,600803,2024
339,大信会计师事务所,"",AN202404011629207010,2024-04-02,宇通重工,1661,600817,2024
340,上会会计师事务所,"",AN202404101630118603,2024-04-11,兰生股份,1662,600826,2024
341,致同会计师事务所,"",AN202403271628308290,2024-03-28,人民同泰,1663,600829,2024
342,德勤华永会计师事务所,"","1665,1664,1665,1664,1664,1665,1664,1665,1664,AN202403291629036776",2024-03-30,第一医药,"1665,1664,1665,1664",600833,2024
343,普华永道中天会计师事务所,"",AN202403281628476152,2024-03-29,海通证券,1667,600837,2024
344,中汇会计师事务所,"",AN202403291629051879,2024-03-30,上海九百,1668,600838,2024
345,任大华会计师事务所,"",AN202404011629218213,2024-04-02,电科数字,1669,600850,2024
346,中证天通会计师事务所,"",AN202403271628321220,2024-03-28,银座股份,1670,600858,2024
347,大信事务所事务所,"",AN202403151626840665,2024-03-16,中航高科,1671,600862,2024
348,中准会计师事务所,"",AN202403281628499849,2024-03-29,通化东宝,1672,600867,2024
349,公证天业会计师事务所,"",AN202404091630090646,2024-04-10,远东股份,1673,600869,2024
350,立信会计师事务所,"",AN202403261628185111,2024-03-27,石化油服,1674,600871,2024
351,天职国际会计师事务所,"",AN202403291629101940,2024-03-30,中炬高新,1675,600872,2024
352,毕马威华振会计师事务所,"",AN202403251628084748,2024-03-26,妙可蓝多,1676,600882,2024
353,天职国际会计师事务所,"",AN202403281628443481,2024-03-29,南京化纤,1677,600889,2024
354,毕马威华振会计师事务所,"",AN202403291629045125,2024-03-30,张江高科,1678,600895,2024
355,信永中和会计师事务所,"",AN202403291629039899,2024-03-30,无锡银行,1679,600908,2024
356,容诚会计师事务所,"",AN202403281628460614,2024-03-29,华安证券,1680,600909,2024
357,安永华明会计师事务所,"",AN202403211627462809,2024-03-22,中国海油,1681,600938,2024
358,用毕马威华振会计师事务所,"",AN202403211627436246,2024-03-22,中国移动,1682,600941,2024
359,信永中和会计师事务所,"",AN202403181626972621,2024-03-19,维远股份,1683,600955,2024
360,信永中和会计师事务所,"",AN202403291629061008,2024-03-30,国投中鲁,1684,600962,2024
361,任大信会计师事务所,"",AN202403141626762549,2024-03-15,宝胜股份,1685,600973,2024
362,大华会计师事务所,"",AN202404081630051666,2024-04-09,北矿科技,1686,600980,2024
363,天圆全会计师事务所,"",AN202402271623746015,2024-02-28,浙文互联,1687,600986,2024
364,天健会计师事务所,"",AN202403291629045811,2024-03-30,航民股份,1688,600987,2024
365,安永华明会计师事务所,"",AN202403211627439631,2024-03-22,宝丰能源,1689,600989,2024
366,。中审众环会计师事务所,"",AN202403291629053383,2024-03-30,贵绳股份,1690,600992,2024
367,大信会计师事务所,"",AN202403291629070234,2024-03-30,南网储能,1691,600995,2024
368,安永华明会计师事务所,"",AN202403281628437001,2024-03-29,唐山港,1692,601000,2024
369,毕马威华振会计师事务所,"",AN202403281628554456,2024-03-29,中信建投,1693,601066,2024
370,致同会计师事务所,"",AN202403281628581605,2024-03-29,中铝国际,1694,601068,2024
371,毕马威华振会计师事务所,"",AN202403281628531156,2024-03-29,渝农商行,1695,601077,2024
372,普华永道中天会计师事务所,"",AN202403291629085668,2024-03-30,锦江航运,1696,601083,2024
373,天健会计师事务所,"",AN202403311629187854,2024-04-01,福元医药,1697,601089,2024
374,德勤华永会计师事务所,"",AN202403281628477283,2024-03-29,中国国航,1698,601111,2024
375,中证天通会计师事务所,"",AN202403191627144008,2024-03-20,四方股份,1699,601126,2024
376,德勤华永会计师事务所,"",AN202403211627462746,2024-03-22,常熟银行,1700,601128,2024
377,毕马威华振会计师事务所,"",AN202404111630158576,2024-04-12,北京银行,1702,601169,2024
378,立信会计师事务所,"",AN202404101630119058,2024-04-11,中国西电,1703,601179,2024
379,中兴财光华会计师事务所,"",AN202403291629051255,2024-03-30,龙江交通,1704,601188,2024
380,毕马威华振会计师事务所,"",AN202403281628492877,2024-03-29,国泰君安,1705,601211,2024
381,中兴华会计师事务所,"",AN202403151626837804,2024-03-16,吉鑫科技,1706,601218,2024
382,信永中和会计师事务所,"",AN202404081630051656,2024-04-09,广州港,1707,601228,2024
383,德勤华永会计师事务所,"",AN202404011629207929,2024-04-02,环旭电子,1708,601231,2024
384,信永中和会计师事务所,"",AN202403291629058042,2024-03-30,红塔证券,1709,601236,2024
385,天健会计师事务所,"",AN202403291629051156,2024-03-30,英利汽车,1710,601279,2024
386,安永华明会计师事务所,"",AN202403211627467302,2024-03-22,中国平安,1711,601318,2024
387,毕马威华振会计师事务所,"",AN202403271628310868,2024-03-28,交通银行,1712,601328,2024
388,普华永道中天会计师事务所,"",AN202403281628451398,2024-03-29,绿色动力,1713,601330,2024
389,用德勤华永会计师事务所,"",AN202403271628310697,2024-03-28,新华保险,1714,601336,2024
390,天健会计师事务所,"",AN202403291629045318,2024-03-30,会稽山,1715,601579,2024
391,信永中和会计师事务所,"",AN202403221627626025,2024-03-23,中国外运,1716,601598,2024
392,信永中和会计师事务所,"",AN202403151626841554,2024-03-16,中信重工,1717,601608,2024
393,大华会计师事务所,"",AN202403281628441121,2024-03-29,广电电气,1718,601616,2024
394,安永华明会计师事务所,"",AN202403281628444404,2024-03-29,中国中冶,1719,601618,2024
395,德勤华永会计师事务所,"",AN202403281628443531,2024-03-29,华泰证券,1721,601688,2024
396,普华永道中天会计师事务所,"",AN202403281628473699,2024-03-29,上海电气,1722,601727,2024
397,罗兵咸永道会计师事务所（以下简称“罗兵咸永道”）和普华永道中天会计师事务所（特殊普通合伙）,"","1724,1723,1724,1723,1723,1724,1723,1724,1723,AN202403261628180602",2024-03-27,中国电信,"1724,1723,1724,1723",601728,2024
398,安永会计师事务所,"",AN202404071630036811,2024-04-08,中国交建,1725,601800,2024
399,安永华明会计师事务所,"",AN202403261628193794,2024-03-27,中海油服,1726,601808,2024
400,用普华永道中天会计师事务所,"",AN202403251628100032,2024-03-26,中国石油,1727,601857,2024
401,德勤华永会计师事务所,"",AN202403261628184157,2024-03-27,福莱特,1728,601865,2024
402,信永中和会计师事务所,"",AN202403281628554866,2024-03-29,中远海发,1729,601866,2024
403,天健会计师事务所,"",AN202403281628531157,2024-03-29,中国能建,1730,601868,2024
404,中汇会计师事务所,"",AN202404101630110668,2024-04-11,浙商证券,1731,601878,2024
405,安永华明会计师事务所,"",AN202403281628450486,2024-03-29,中国银河,1732,601881,2024
406,安永华明会计师事务所,"",AN202403271628309581,2024-03-28,中国中免,1733,601888,2024
407,安永华明会计师事务所,"",AN202403221627627723,2024-03-23,紫金矿业,1734,601899,2024
408,毕马威华振会计师事务所,"",AN202403281628510846,2024-03-29,浙商银行,1736,601916,2024
409,立信会计师事务所,"",AN202403201627314248,2024-03-21,新集能源,1737,601918,2024
410,信永中和会计师事务所,"",AN202403281628557344,2024-03-29,中远海控,1738,601919,2024
411,北京兴华会计师事务所,"",AN202404111630155517,2024-04-12,吉视传媒,1739,601929,2024
412,安永华明会计师事务所,"",AN202403281628494153,2024-03-29,建设银行,1740,601939,2024
413,任大信会计师事务所,"",AN202404031629710891,2024-04-04,东贝集团,1741,601956,2024
414,大信会计师事务所,"",AN202404021629427712,2024-04-03,金钼股份,1742,601958,2024
415,普华永道中天会计师事务所,"",AN202403281628471256,2024-03-29,中国银行,1744,601988,2024
416,天职国际会计师事务所,"",AN202403221627635373,2024-03-23,大唐发电,1745,601991,2024
417,用毕马威华振会计师事务所,"",AN202403211627462717,2024-03-22,中信银行,1746,601998,2024
418,中汇会计师事务所,"",AN202404021629425076,2024-04-03,北特科技,1747,603009,2024
419,立信会计师事务所,"",AN202403251628075879,2024-03-26,万盛股份,1748,603010,2024
420,信永中和会计师事务所,"",AN202403281628434512,2024-03-29,亚普股份,1749,603013,2024
421,容诚会计师事务所,"",AN202403271628341313,2024-03-28,华设集团,1750,603018,2024
422,立信会计师事务所,"",AN202404091630083576,2024-04-10,德新科技,1751,603032,2024
423,任天健会计师事务所,"",AN202404111630148371,2024-04-12,如通股份,1752,603036,2024
424,任天健会计师事务所,"",AN202403281628472713,2024-03-29,泛微网络,1753,603039,2024
425,华兴会计师事务所,"",AN202403281628450662,2024-03-29,广州酒家,1754,603043,2024
426,中汇会计师事务所,"",AN202404081630058285,2024-04-09,台华新材,1755,603055,2024
427,大信会计师事务所,"",AN202404091630082067,2024-04-10,振华股份,1757,603067,2024
428,中兴华会计师事务所,"",AN202403291629040708,2024-03-30,宏盛股份,1758,603090,2024
429,天健会计师事务所,"",AN202403081626039770,2024-03-09,南华期货,1759,603093,2024
430,容诚会计师事务所,"",AN202404111630149098,2024-04-12,百合股份,1760,603102,2024
431,立信会计师事务所,"",AN202403071625963246,2024-03-08,横店影视,1761,603103,2024
432,天健会计师事务所,"",AN202403291629057186,2024-03-30,芯能科技,1762,603105,2024
433,容诚会计师事务所,"",AN202403271628325097,2024-03-28,东方材料,1763,603110,2024
434,毕马威华振会计师事务所,"",AN202403281628443183,2024-03-29,昭衍新药,1764,603127,2024
435,天健会计师事务所,"",AN202404101630114573,2024-04-11,云中马,1765,603130,2024
436,信永中和会计师事务所,"",AN202403291629047386,2024-03-30,圣晖集成,1766,603163,2024
437,立信会计师事务所,"",AN202402271623748972,2024-02-28,荣晟环保,1767,603165,2024
438,任大华会计师事务所,"",AN202404091630091386,2024-04-10,渤海轮渡,1768,603167,2024
439,信永中和会计师事务所,"",AN202403211627460101,2024-03-22,海容冷链,1770,603187,2024
440,众华会计师事务所,"",AN202403181626981324,2024-03-19,上海洗霸,1771,603200,2024
441,安永华明会计师事务所,"",AN202404021629425907,2024-04-03,爱婴室,1772,603214,2024
442,中汇会计师事务所,"",AN202403281628482514,2024-03-29,电魂网络,1774,603258,2024
443,德勤华永会计师事务所,"",AN202403181626985053,2024-03-19,药明康德,1775,603259,2024
444,信永中和会计师事务所,"",AN202403251628085093,2024-03-26,鸿远电子,1776,603267,2024
445,广东司农会计师事务所,"",AN202404091630084356,2024-04-10,松发股份,1777,603268,2024
446,天健会计师事务所,"",AN202403271628311403,2024-03-28,江瀚新材,1778,603281,2024
447,立信会计师事务所,"",AN202404071630035701,2024-04-08,斯达半导,1779,603290,2024
448,信永中和会计师事务所,"",AN202403271628321124,2024-03-28,天味食品,1780,603317,2024
449,容诚会计师事务所,"",AN202404081630061911,2024-04-09,迪生力,1781,603335,2024
450,致同会计师事务所,"",AN202404111630156126,2024-04-12,顶点软件,1782,603383,2024
451,容诚会计师事务所,"",AN202403281628441503,2024-03-29,万泰生物,1783,603392,2024
452,大华会计师事务所,"",AN202403291629053706,2024-03-30,建霖家居,1784,603408,2024
453,天健会计师事务所,"",AN202404081630052728,2024-04-09,九洲药业,1785,603456,2024
454,四川华信(集团会计师事务所（特殊普通合伙）,"",AN202403221627622982,2024-03-23,巨星农牧,1786,603477,2024
455,天职国际会计师事务所,"",AN202403271628310944,2024-03-28,展鹏科技,1787,603488,2024
456,天健会计师事务所,"",AN202403281628441989,2024-03-29,祥和实业,1788,603500,2024
457,天健会计师事务所,"",AN202403281628439599,2024-03-29,金石资源,1789,603505,2024
458,和信会计师事务所,"",AN202403281628439934,2024-03-29,惠发食品,1790,603536,2024
459,任天健会计师事务所,"",AN202403151626836313,2024-03-16,健盛集团,1791,603558,2024
460,天健会计师事务所,"",AN202403261628183817,2024-03-27,中谷物流,1792,603565,2024
461,中天运会计师事务所,"",AN202403261628180733,2024-03-27,汇金通,1793,603577,2024
462,容诚会计师事务所,"",AN202403271628343376,2024-03-28,伯特利,1794,603596,2024
463,天健会计师事务所,"",AN202403201627326109,2024-03-21,东方电缆,1795,603606,2024
464,大华会计师事务所,"",AN202403191627141173,2024-03-20,茶花股份,1796,603615,2024
465,立信会计师事务所,"",AN202403291629046870,2024-03-30,锦和商管,1798,603682,2024
466,信永中和会计师事务所,"",AN202403151626836675,2024-03-16,有友食品,1799,603697,2024
467,立信会计师事务所,"",AN202403271628310700,2024-03-28,七一二,1800,603712,2024
468,天健会计师事务所,"",AN202403291629043679,2024-03-30,中马传动,1802,603767,2024
469,容诚会计师事务所,"",AN202404011629202099,2024-04-02,常青股份,1803,603768,2024
470,立信会计师事务所,"",AN202403281628438739,2024-03-29,联泰环保,1804,603797,2024
471,立信会计师事务所,"",AN202403281628440581,2024-03-29,华荣股份,1806,603855,2024
472,致同会计师事务所,"",AN202401161617515525,2024-01-17,中公高科,1807,603860,2024
473,立信会计师事务所,"",AN202403111626271033,2024-03-12,飞科电器,1808,603868,2024
474,立信会计师事务所,"",AN202403211627441239,2024-03-22,太平鸟,1809,603877,2024
475,毕马威华振会计师事务所,"",AN202403251628081457,2024-03-26,元祖股份,1810,603886,2024
476,任立信会计师事务所,"",AN202403291629041999,2024-03-30,晨光股份,1811,603899,2024
477,致同会计师事务所,"",AN202404111630162383,2024-04-12,中科软,1813,603927,2024
478,大华会计师事务所,"",AN202403121626489422,2024-03-13,亚翔集成,1814,603929,2024
479,华兴会计师事务所,"",AN202403261628184600,2024-03-27,睿能科技,1815,603933,2024
480,天健会计师事务所,"",AN202403291629086623,2024-03-30,丽岛新材,1816,603937,2024
481,天健会计师事务所,"",AN202403081626039445,2024-03-09,建业股份,1817,603948,2024
482,天健会计师事务所,"",AN202404021629521184,2024-04-03,雪龙集团,1818,603949,2024
483,中审众环会计师事务所,"",AN202403281628442731,2024-03-29,长源东谷,1819,603950,2024
484,任信永中和会计师事务所,"",AN202403291629050232,2024-03-30,中创物流,1820,603967,2024
485,大华会计师事务所,"",AN202403261628190633,2024-03-27,读者传媒,1821,603999,2024
486,天健会计师事务所,"",AN202404081630052918,2024-04-09,五洲特纸,1822,605007,2024
487,天健会计师事务所,"",AN202404111630151976,2024-04-12,豪悦护理,1823,605009,2024
488,天健会计师事务所,"",AN202404021629424833,2024-04-03,联德股份,1824,605060,2024
489,立信会计师事务所,"",AN202403251628093599,2024-03-26,浙江自然,1825,605080,2024
490,天健会计师事务所,"",AN202403291629046170,2024-03-30,冠盛股份,1826,605088,2024
491,天衡会计师事务所,"",AN202403271628323213,2024-03-28,新洁能,1827,605111,2024
492,中汇会计师事务所,"",AN202404091630084331,2024-04-10,嵘泰股份,1829,605133,2024
493,中汇会计师事务所,"",AN202403261628182338,2024-03-27,新中港,1830,605162,2024
494,大华会计师事务所,"",AN202403061625725475,2024-03-07,安德利,1832,605198,2024
495,上会会计师事务所,"",AN202403251628084601,2024-03-26,罗曼股份,1833,605289,2024
496,中汇会计师事务所,"",AN202404091630091934,2024-04-10,李子园,1834,605337,2024
497,天健会计师事务所,"",AN202403291629063088,2024-03-30,福莱新材,1835,605488,2024
498,天健会计师事务所,"",AN202404111630156800,2024-04-12,容百科技,1836,688005,2024
499,立信会计师事务所,"",AN202403261628225334,2024-03-27,中国通号,1837,688009,2024
500,普华永道中天会计师事务所,"",AN202403181626977489,2024-03-19,中微公司,1838,688012,2024
501,毕马威华振会计师事务所,"",AN202403271628311561,2024-03-28,心脉医疗,1839,688016,2024
502,立信会计师事务所,"",AN202404111630153604,2024-04-12,海光信息,1840,688041,2024
503,天健会计师事务所,"",AN202403251628093194,2024-03-26,炬芯科技,1841,688049,2024
504,天健会计师事务所,"",AN202404111630158225,2024-04-12,派能科技,1842,688063,2024
505,容诚会计师事务所,"",AN202403291629070605,2024-03-30,大地熊,1843,688077,2024
506,中审众环会计师事务所,"",AN202403271628311498,2024-03-28,龙软科技,1844,688078,2024
507,容诚会计师事务所,"",AN202404071630035757,2024-04-08,上海谊众,1845,688091,2024
508,天健会计师事务所,"",AN202402281623992338,2024-02-29,威胜信息,1846,688100,2024
509,安永华明会计师事务所,"",AN202403271628323388,2024-03-28,海尔生物,1847,688139,2024
510,大华会计师事务所,"",AN202403261628186806,2024-03-27,威高骨科,1848,688161,2024
511,立信会计师事务所,"",AN202403281628441285,2024-03-29,百奥泰,1849,688177,2024
512,任容诚会计师事务所,"",AN202403281628488208,2024-03-29,君实生物,1851,688180,2024
513,华兴会计师事务所,"",AN202403271628307560,2024-03-28,生益电子,1852,688183,2024
514,德勤华永会计师事务所,"",AN202403271628324425,2024-03-28,康希诺,1853,688185,2024
515,大华会计师事务所,"",AN202403291629069401,2024-03-30,久日新材,1854,688199,2024
516,任天健会计师事务所,"",AN202403251628081484,2024-03-26,海正生材,1855,688203,2024
517,容诚会计师事务所,"",AN202404091630080384,2024-04-10,澳华内镜,1857,688212,2024
518,中审众环会计师事务所,"",AN202403291629044789,2024-03-30,前沿生物,1858,688221,2024
519,容诚会计师事务所,"",AN202403291629065065,2024-03-30,神工股份,1859,688233,2024
520,容诚会计师事务所,"",AN202403281628545745,2024-03-29,特宝生物,1860,688278,2024
521,天健会计师事务所,"",AN202404111630150008,2024-04-12,和达科技,1861,688296,2024
522,立信会计师事务所,"",AN202404081630053642,2024-04-09,长阳科技,1862,688299,2024
523,任华兴会计师事务所,"",AN202403251628091067,2024-03-26,联瑞新材,1863,688300,2024
524,致同会计师事务所,"",AN202404091630078405,2024-04-10,欧科亿,1864,688308,2024
525,天健会计师事务所,"",AN202404081630056503,2024-04-09,奥比中光,1865,688322,2024
526,安永华明会计师事务所,"",AN202403271628321700,2024-03-28,荣昌生物,1866,688331,2024
527,信永中和会计师事务所,"",AN202403271628355138,2024-03-28,铂力特,1867,688333,2024
528,安永华明会计师事务所,"",AN202403281628561715,2024-03-29,华虹公司,1868,688347,2024
529,天健会计师事务所,"",AN202403211627464081,2024-03-22,伟测科技,1870,688372,2024
530,安永华明会计师事务所,"",AN202403221627626039,2024-03-23,复旦微电,1871,688385,2024
531,容诚会计师事务所,"",AN202403221627625897,2024-03-23,钜泉科技,1872,688391,2024
532,立信会计师事务所,"",AN202403281628463541,2024-03-29,铁建重工,1873,688425,2024
533,安永会计师事务所,"",AN202403281628473780,2024-03-29,诺诚健华,1874,688428,2024
534,普华永道中天会计师事务所,"",AN202403281628475417,2024-03-29,有研硅,1875,688432,2024
535,天职国际会计师事务所,"",AN202403251628084793,2024-03-26,芯联集成,1876,688469,2024
536,安永华明会计师事务所,"",AN202403291629051436,2024-03-30,友车科技,1877,688479,2024
537,普华永道中天会计师事务所,"",AN202403281628507929,2024-03-29,复旦张江,1878,688505,2024
538,公证天业会计师事务所,"",AN202403271628323198,2024-03-28,航亚科技,1879,688510,2024
539,立信中联会计师事务所,"",AN202403251628076594,2024-03-26,奥特维,1880,688516,2024
540,德勤华永会计师事务所,"",AN202403291629046426,2024-03-30,芯原股份,1881,688521,2024
541,致同会计师事务所,"",AN202404021629428448,2024-04-03,兰剑智能,1882,688557,2024
542,天健会计师事务所,"",AN202404081630060327,2024-04-09,明冠新材,1883,688560,2024
543,中汇会计师事务所,"",AN202403041625400547,2024-03-05,芯动联科,1884,688582,2024
544,容诚会计师事务所,"",AN202404021629423497,2024-04-03,上纬新材,1885,688585,2024
545,信永中和会计师事务所,"",AN202403181626987168,2024-03-19,煜邦电力,1886,688597,2024
546,立信会计师事务所,"",AN202403271628310414,2024-03-28,恒玄科技,1887,688608,2024
547,立信会计师事务所,"",AN202403241628064665,2024-03-25,惠泰医疗,1888,688617,2024
548,信永中和会计师事务所,"",AN202403281628446763,2024-03-29,智明达,1889,688636,2024
549,名称天职国际会计师事务所,"",AN202401161617516994,2024-01-17,盛邦安全,1890,688651,2024
550,中汇会计师事务所,"",AN202403201627323620,2024-03-21,金盘科技,1891,688676,2024
551,北京大华国际会计师事务所,"",AN202404111630159093,2024-04-12,锴威特,1892,688693,2024
552,天衡会计师事务所,"",AN202403251628088689,2024-03-26,纽威数控,1893,688697,2024
553,天职国际会计师事务所,"",AN202403291629066688,2024-03-30,同益中,1894,688722,2024
554,信永中和会计师事务所,"",AN202403291629085319,2024-03-30,中自科技,1895,688737,2024
555,天健会计师事务所,"",AN202404081630061576,2024-04-09,中控技术,1896,688777,2024
556,毕马威华振会计师事务所,"",AN202404011629218098,2024-04-02,九号公司,1897,689009,2024
557,天健会计师事务所,"",AN202403201627329004,2024-03-20,武汉蓝电,1898,830779,2024
558,和信会计师事务所,"",AN202404101630118038,2024-04-10,万通液压,1899,830839,2024
559,天衡会计师事务所,"",AN202403291629054843,2024-03-29,基康仪器,1900,830879,2024
560,中汇会计师事务所,"",AN202403221627625386,2024-03-22,许昌智能,1901,831396,2024
561,中兴华会计师事务所,"",AN202403201627330473,2024-03-20,田野股份,1902,832023,2024
562,容诚会计师事务所,"",AN202404081630058193,2024-04-08,禾昌聚合,1903,832089,2024
563,致同会计师事务所,"",AN202403281628474085,2024-03-28,雷特科技,1904,832110,2024
564,致同会计师事务所,"",AN202403271628311997,2024-03-27,利通科技,1905,832225,2024
565,致同会计师事务所,"",AN202404101630124988,2024-04-10,路斯股份,1906,832419,2024
566,立信会计师事务所,"",AN202404101630118867,2024-04-10,纳科诺尔,1907,832522,2024
567,容诚会计师事务所,"",AN202404101630126069,2024-04-10,方盛股份,1908,832662,2024
568,天健会计师事务所,"",AN202403291629045355,2024-03-29,德源药业,1909,832735,2024
569,天职国际会计师事务所,"",AN202404031629695160,2024-04-03,骑士乳业,1910,832786,2024
570,大华会计师事务所,"",AN202404081630053046,2024-04-08,德瑞锂电,1911,833523,2024
571,中审众环会计师事务所,"",AN202403201627319915,2024-03-20,骏创科技,1912,833533,2024
572,天职国际会计师事务所,"",AN202403201627329425,2024-03-20,惠同新材,1913,833751,2024
573,天健会计师事务所,"",AN202404031629699116,2024-04-03,科润智控,1914,834062,2024
574,大信会计师事务所,"",AN202404101630124934,2024-04-10,一诺威,1915,834261,2024
575,容诚会计师事务所,"",AN202404081630061060,2024-04-08,凯德石英,1916,835179,2024
576,天健会计师事务所,"",AN202403281628450609,2024-03-28,国源科技,1917,835184,2024
577,中审众环会计师事务所,"",AN202404021629521327,2024-04-02,力佳科技,1918,835237,2024
578,上会会计师事务所,"",AN202404101630126198,2024-04-10,云创数据,1919,835305,2024
579,大华会计师事务所,"",AN202402191622394170,2024-02-19,戈碧迦,1920,835438,2024
580,天职国际会计师事务所,"",AN202402061620961372,2024-02-06,机科股份,1921,835579,2024
581,大华会计师事务所,"",AN202403151626861694,2024-03-15,富士达,1922,835640,2024
582,容诚会计师事务所,"",AN202404031629711313,2024-04-03,旭杰科技,1923,836149,2024
583,公证天业会计师事务所,"",AN202404081630051571,2024-04-08,易实精密,1924,836221,2024
584,立信会计师事务所,"",AN202403251628096890,2024-03-25,华密新材,1925,836247,2024
585,立信会计师事务所,"",AN202403121626489660,2024-03-12,朗鸿科技,1926,836395,2024
586,大华会计师事务所,"",AN202403201627350628,2024-03-20,大唐药业,1927,836433,2024
587,大华会计师事务所,"",AN202403151626860829,2024-03-15,博迅生物,1928,836504,2024
588,中汇会计师事务所,"",AN202403221627633150,2024-03-22,秉扬科技,1929,836675,2024
589,中审众环会计师事务所,"",AN202404031629698744,2024-04-03,派特尔,1930,836871,2024
590,华兴会计师事务所,"",AN202404031629711279,2024-04-03,广咨国际,1931,836892,2024
591,大信会计师事务所,"",AN202403181626978094,2024-03-18,宏裕包材,1932,837174,2024
592,立信会计师事务所,"",AN202403201627332503,2024-03-20,硅烷科技,1933,838402,2024
593,天健会计师事务所,"",AN202403291629047221,2024-03-29,广脉科技,1934,838924,2024
594,中勤万信会计师事务所,"",AN202403261628185392,2024-03-26,天马新材,1935,838971,2024
595,中汇会计师事务所,"",AN202403221627621672,2024-03-22,一致魔芋,1936,839273,2024
596,天职国际会计师事务所,"",AN202403271628306957,2024-03-27,惠丰钻石,1937,839725,2024
597,中汇会计师事务所,"",AN202403281628449538,2024-03-28,联迪信息,1938,839790,2024
598,中喜会计师事务所,"",AN202403211627440380,2024-03-21,华阳变速,1939,839946,2024
599,立信会计师事务所,"","1941,1940,1941,1940,1940,1941,1940,1941,1940,AN202404101630113746",2024-01-05,莱赛激光,"1941,1940,1941,1940",871263,2024
600,苏亚金诚会计师事务所,"",AN202404101630124961,2024-04-10,常辅股份,1942,871396,2024
601,中兴华会计师事务所,"",AN202403251628083807,2024-03-25,凯腾精工,1943,871553,2024
602,和信会计师事务所,"",AN202404021629541866,2024-04-02,雷神科技,1944,872190,2024
603,中汇会计师事务所,"",AN202403221627625240,2024-03-22,佳合科技,1945,872392,2024
604,中汇会计师事务所,"",AN202404021629587195,2024-04-02,新赣江,1946,873167,2024
605,天健会计师事务所,"",AN202403111626302912,2024-03-11,广厦环能,1947,873703,2024
